{
  "type": "minecraft:stonecutting",
  "category": "blocks",
  "group": "mini_blocks",
  "ingredient": {
    "item": "minecraft:cherry_log"
  },
  "result": {
    "id": "minecraft:player_head",
    "count": 8,
    "components": {
      "minecraft:profile": {
        "properties": [
          {
            "name": "textures",
            "value": "eyJ0ZXh0dXJlcyI6eyJTS0lOIjp7InVybCI6Imh0dHA6Ly90ZXh0dXJlcy5taW5lY3JhZnQubmV0L3RleHR1cmUvY2VjNmY4MjVjMDkxMjRiY2NiYjBkY2Q1MjJhOTQzZmYzNmY0N2I2MmVjNzcxM2UwN2JjNTIyODUwZGYxMWI0NSJ9fX0="
          }
        ]
      },
      "minecraft:item_name": "\"Mini Cherry Log\"",
      "minecraft:rarity": "common"
    }
  }
}
