{
  "type": "minecraft:stonecutting",
  "category": "blocks",
  "group": "mini_blocks",
  "ingredient": {
    "item": "minecraft:crimson_nylium"
  },
  "result": {
    "id": "minecraft:player_head",
    "count": 8,
    "components": {
      "minecraft:profile": {
        "properties": [
          {
            "name": "textures",
            "value": "eyJ0ZXh0dXJlcyI6eyJTS0lOIjp7InVybCI6Imh0dHA6Ly90ZXh0dXJlcy5taW5lY3JhZnQubmV0L3RleHR1cmUvMThmMGI4ODQ2YmIyMmMyZGU2ODQ5NDgzYWU1MThmYWZiYmU0NDZhNzM1YTNlODgwNmUwMmYxYTQ3ZmMxNGQ3MCJ9fX0="
          }
        ]
      },
      "minecraft:item_name": "\"Mini Crimson Nylium\"",
      "minecraft:rarity": "common"
    }
  }
}
