{
  "type": "minecraft:stonecutting",
  "category": "blocks",
  "group": "mini_blocks",
  "ingredient": {
    "item": "minecraft:deepslate_redstone_ore"
  },
  "result": {
    "id": "minecraft:player_head",
    "count": 8,
    "components": {
      "minecraft:profile": {
        "properties": [
          {
            "name": "textures",
            "value": "eyJ0ZXh0dXJlcyI6eyJTS0lOIjp7InVybCI6Imh0dHA6Ly90ZXh0dXJlcy5taW5lY3JhZnQubmV0L3RleHR1cmUvMTBjZGZiZTUzODk5ODk4MWFiMzlkM2Q4OTg0MzBkNTg4NjExZjQ3NmM4ODIwOTA5Njc4YTI5YTA3ZmRmNDAyZCJ9fX0="
          }
        ]
      },
      "minecraft:item_name": "\"Mini Deepslate Redstone Ore\"",
      "minecraft:rarity": "common"
    }
  }
}
