{
  "type": "minecraft:stonecutting",
  "category": "blocks",
  "group": "mini_blocks",
  "ingredient": {
    "item": "minecraft:dropper"
  },
  "result": {
    "id": "minecraft:player_head",
    "count": 8,
    "components": {
      "minecraft:profile": {
        "properties": [
          {
            "name": "textures",
            "value": "eyJ0ZXh0dXJlcyI6eyJTS0lOIjp7InVybCI6Imh0dHA6Ly90ZXh0dXJlcy5taW5lY3JhZnQubmV0L3RleHR1cmUvZjNmM2UwM2YwNGU2ZmRmYzAwZDkxZWM4OTQyMmU5NDgzY2FhNjdmYzAyMGZjYWNjOTEwMzQyZGJlOWNjODBiYiJ9fX0="
          }
        ]
      },
      "minecraft:item_name": "\"Mini Dropper\"",
      "minecraft:rarity": "common"
    }
  }
}
