{
  "type": "minecraft:stonecutting",
  "category": "blocks",
  "group": "mini_blocks",
  "ingredient": {
    "item": "minecraft:jukebox"
  },
  "result": {
    "id": "minecraft:player_head",
    "count": 8,
    "components": {
      "minecraft:profile": {
        "properties": [
          {
            "name": "textures",
            "value": "eyJ0ZXh0dXJlcyI6eyJTS0lOIjp7InVybCI6Imh0dHA6Ly90ZXh0dXJlcy5taW5lY3JhZnQubmV0L3RleHR1cmUvZThmNTY3MzM5ZjQ1NmNkNzk4NzVjNmRmMDM3NDI1MjAyMTIyYzhhNDE2YTRkNGU5ODcyMmNiMDFhYTVmODg5OCJ9fX0"
          }
        ]
      },
      "minecraft:item_name": "\"Mini Jukebox\"",
      "minecraft:rarity": "common"
    }
  }
}
