{
  "type": "minecraft:stonecutting",
  "category": "blocks",
  "group": "mini_blocks",
  "ingredient": {
    "item": "minecraft:red_sand"
  },
  "result": {
    "id": "minecraft:player_head",
    "count": 8,
    "components": {
      "minecraft:profile": {
        "properties": [
          {
            "name": "textures",
            "value": "eyJ0ZXh0dXJlcyI6eyJTS0lOIjp7InVybCI6Imh0dHA6Ly90ZXh0dXJlcy5taW5lY3JhZnQubmV0L3RleHR1cmUvNDM5MzA5M2U4ZWU2NGVhZTBlNmNmYTUyZjI5ODhkMGQwNzZhNDI1YzQ0YmZhM2Q0MzQ0MGY3OTMxYzU0ZTU2YiJ9fX0="
          }
        ]
      },
      "minecraft:item_name": "\"Mini Red Sand\"",
      "minecraft:rarity": "common"
    }
  }
}
