{
  "type": "minecraft:stonecutting",
  "category": "blocks",
  "group": "mini_blocks",
  "ingredient": {
    "item": "minecraft:redstone_ore"
  },
  "result": {
    "id": "minecraft:player_head",
    "count": 8,
    "components": {
      "minecraft:profile": {
        "properties": [
          {
            "name": "textures",
            "value": "eyJ0ZXh0dXJlcyI6eyJTS0lOIjp7InVybCI6Imh0dHA6Ly90ZXh0dXJlcy5taW5lY3JhZnQubmV0L3RleHR1cmUvNzk4MmI0MWNlMmViOWZlYjM1MTZlZWY3NTMzNjk0YWQ2YWE2YzE4NTA5MDFiYjU5NDkzOTkwOWQ3MzNiZjJkYiJ9fX0="
          }
        ]
      },
      "minecraft:item_name": "\"Mini Redstone Ore\"",
      "minecraft:rarity": "common"
    }
  }
}
