{
  "type": "minecraft:stonecutting",
  "category": "blocks",
  "group": "mini_blocks",
  "ingredient": {
    "item": "minecraft:sea_lantern"
  },
  "result": {
    "id": "minecraft:player_head",
    "count": 8,
    "components": {
      "minecraft:profile": {
        "properties": [
          {
            "name": "textures",
            "value": "eyJ0ZXh0dXJlcyI6eyJTS0lOIjp7InVybCI6Imh0dHA6Ly90ZXh0dXJlcy5taW5lY3JhZnQubmV0L3RleHR1cmUvNGY4NTAzZWY3OTEzNWUwZGI0NjE2N2MzMDRhZWM5Zjc4MTQwN2ZmODZiMDkzNDdkN2Y5OGZhMTQ4ZjkzOWIxMCJ9fX0="
          }
        ]
      },
      "minecraft:item_name": "\"Mini Sea Lantern\"",
      "minecraft:rarity": "common"
    }
  }
}
