{
  "type": "minecraft:stonecutting",
  "category": "blocks",
  "group": "mini_blocks",
  "ingredient": {
    "item": "minecraft:weathered_copper_bulb"
  },
  "result": {
    "id": "minecraft:player_head",
    "count": 8,
    "components": {
      "minecraft:profile": {
        "properties": [
          {
            "name": "textures",
            "value": "eyJ0ZXh0dXJlcyI6eyJTS0lOIjp7InVybCI6Imh0dHA6Ly90ZXh0dXJlcy5taW5lY3JhZnQubmV0L3RleHR1cmUvMTE4ZmQ4ZjI1MGY0MzAxZTcxYjI1ZTY1ODZmY2IyZDg2ZWI0M2ZkNjY4NzZhZjgxNWQ5ZDBkODFkZmM5ZDJkYyJ9fX0="
          }
        ]
      },
      "minecraft:item_name": "\"Mini Weathered Copper Bulb (Lit)\"",
      "minecraft:rarity": "common"
    }
  }
}
