{"stats":{"minecraft:killed":{"minecraft:pig":5,"minecraft:spider":2,"minecraft:creeper":2,"minecraft:sheep":5,"minecraft:zombie":9,"minecraft:chicken":5,"minecraft:cow":13},"minecraft:dropped":{"minecraft:water_bucket":2,"minecraft:furnace":1,"minecraft:iron_sword":1,"minecraft:raw_iron":12,"minecraft:shears":1,"minecraft:pumpkin_seeds":4,"minecraft:leather_helmet":2,"minecraft:iron_chestplate":1,"minecraft:carved_pumpkin":1,"minecraft:stone_pickaxe":1,"minecraft:bone":1},"minecraft:crafted":{"minecraft:cooked_beef":23,"minecraft:wooden_sword":1,"minecraft:oak_planks":52,"minecraft:cooked_porkchop":7,"minecraft:crafting_table":1,"minecraft:spruce_planks":68,"minecraft:iron_helmet":1,"minecraft:cooked_chicken":4,"minecraft:wooden_pickaxe":1,"minecraft:iron_sword":1,"minecraft:furnace":1,"minecraft:leather_helmet":1,"minecraft:bucket":1,"minecraft:cooked_mutton":7,"minecraft:iron_boots":1,"minecraft:iron_chestplate":1,"minecraft:stick":20,"minecraft:iron_ingot":34,"minecraft:iron_pickaxe":1,"minecraft:stone_pickaxe":1,"minecraft:wooden_axe":1,"minecraft:stone_sword":1,"minecraft:chest":1,"minecraft:iron_leggings":1,"minecraft:white_bed":1,"minecraft:torch":48},"minecraft:custom":{"minecraft:interact_with_furnace":16,"minecraft:mob_kills":41,"minecraft:interact_with_crafting_table":33,"minecraft:bell_ring":3,"minecraft:interact_with_stonecutter":1,"minecraft:leave_game":2,"minecraft:time_since_death":49752,"minecraft:climb_one_cm":1148,"minecraft:time_since_rest":49796,"minecraft:sprint_one_cm":281222,"minecraft:damage_taken":8892,"minecraft:walk_one_cm":286718,"minecraft:drop":16,"minecraft:damage_dealt":5108,"minecraft:swim_one_cm":951,"minecraft:fly_one_cm":447913,"minecraft:open_chest":21,"minecraft:deaths":5,"minecraft:crouch_one_cm":6227,"minecraft:play_time":143141,"minecraft:sneak_time":2188,"minecraft:walk_under_water_one_cm":2503,"minecraft:jump":2357,"minecraft:interact_with_blast_furnace":8,"minecraft:walk_on_water_one_cm":9385,"minecraft:total_world_time":143141,"minecraft:fall_one_cm":145397},"minecraft:used":{"minecraft:water_bucket":1,"minecraft:stone_sword":85,"minecraft:stone_pickaxe":73,"minecraft:oak_planks":2,"minecraft:spruce_planks":10,"minecraft:chest":1,"minecraft:wooden_pickaxe":25,"minecraft:iron_sword":10,"minecraft:iron_chestplate":1,"minecraft:torch":19,"minecraft:dirt":2,"minecraft:crafting_table":5,"minecraft:white_bed":1,"minecraft:spruce_log":2,"minecraft:wooden_axe":10,"minecraft:chicken":1,"minecraft:iron_pickaxe":7,"minecraft:iron_helmet":1,"minecraft:leather_helmet":1,"minecraft:iron_boots":1,"minecraft:wooden_sword":21,"minecraft:cobblestone":4,"minecraft:beef":1,"minecraft:porkchop":4,"minecraft:furnace":2,"minecraft:cooked_porkchop":5,"minecraft:bucket":2,"minecraft:cooked_beef":12,"minecraft:pumpkin":1,"minecraft:iron_leggings":1},"minecraft:mined":{"minecraft:spruce_planks":1,"minecraft:carved_pumpkin":2,"minecraft:crafting_table":4,"minecraft:torch":1,"minecraft:short_grass":15,"minecraft:stone_slab":2,"minecraft:large_fern":2,"minecraft:furnace":1,"minecraft:iron_ore":14,"minecraft:spruce_log":6,"minecraft:andesite":1,"minecraft:pumpkin":19,"minecraft:oak_log":13,"minecraft:coal_ore":60,"minecraft:dirt":2,"minecraft:stone":26},"minecraft:picked_up":{"minecraft:iron_chestplate":2,"minecraft:crafting_table":4,"minecraft:feather":6,"minecraft:cooked_beef":14,"minecraft:chicken":5,"minecraft:water_bucket":2,"minecraft:clay_ball":4,"minecraft:andesite":2,"minecraft:leather":16,"minecraft:stone_slab":2,"minecraft:oak_log":13,"minecraft:gunpowder":8,"minecraft:string":12,"minecraft:dirt":13,"minecraft:cooked_mutton":7,"minecraft:bone":1,"minecraft:wheat_seeds":1,"minecraft:spruce_planks":19,"minecraft:beef":24,"minecraft:stone_pickaxe":1,"minecraft:cooked_chicken":4,"minecraft:player_head":1,"minecraft:iron_pickaxe":1,"minecraft:oak_planks":1,"minecraft:iron_sword":2,"minecraft:iron_boots":1,"minecraft:egg":3,"minecraft:furnace":2,"minecraft:stick":4,"minecraft:raw_iron":36,"minecraft:cooked_porkchop":2,"minecraft:pumpkin":20,"minecraft:torch":33,"minecraft:porkchop":11,"minecraft:spruce_sapling":12,"minecraft:white_bed":2,"minecraft:spruce_log":65,"minecraft:leather_helmet":1,"minecraft:spider_eye":1,"minecraft:stone_sword":1,"minecraft:pumpkin_seeds":52,"minecraft:arrow":2,"minecraft:rotten_flesh":72,"minecraft:shears":1,"minecraft:iron_helmet":1,"minecraft:armadillo_scute":1,"minecraft:breeze_rod":1,"minecraft:carved_pumpkin":3,"minecraft:oak_sapling":1,"minecraft:mutton":7,"minecraft:coal":56,"minecraft:white_wool":5,"minecraft:cobblestone":35}},"DataVersion":3955}