{"stats":{"minecraft:picked_up":{"minecraft:iron_chestplate":2,"minecraft:wheat":2,"minecraft:anvil":1,"minecraft:smithing_table":2,"minecraft:stone_slab":17,"minecraft:oak_stairs":5,"minecraft:potion":4,"minecraft:music_disc_cat":1,"minecraft:string":21,"minecraft:raw_copper":56,"minecraft:experience_bottle":4,"minecraft:cobbled_deepslate":1240,"minecraft:spruce_planks":5,"minecraft:white_tulip":3,"minecraft:trial_key":9,"minecraft:azalea":25,"minecraft:furnace":9,"minecraft:iron_boots":1,"minecraft:tipped_arrow":19,"minecraft:stick":224,"minecraft:composter":4,"minecraft:birch_trapdoor":8,"minecraft:oak_fence":1,"minecraft:torch":17,"minecraft:acacia_log":236,"minecraft:cherry_log":18,"minecraft:pointed_dripstone":5,"minecraft:cauldron":3,"minecraft:honey_bottle":3,"minecraft:rotten_flesh":940,"minecraft:tropical_fish":1,"minecraft:iron_block":4,"minecraft:carved_pumpkin":1,"minecraft:bookshelf":2,"minecraft:obsidian":5,"minecraft:cobblestone":1111,"minecraft:birch_log":156,"minecraft:magma_block":19,"minecraft:feather":5,"minecraft:cooked_beef":1,"minecraft:andesite":373,"minecraft:smoker":1,"minecraft:potato":7,"minecraft:flint":21,"minecraft:tuff":314,"minecraft:lantern":2,"minecraft:lapis_lazuli":500,"minecraft:dirt":41,"minecraft:bone":127,"minecraft:acacia_planks":24,"minecraft:stonecutter":1,"minecraft:bow":7,"minecraft:wheat_seeds":3,"minecraft:raw_gold":109,"minecraft:grindstone":1,"minecraft:fletching_table":2,"minecraft:moss_block":2,"minecraft:scrape_pottery_sherd":2,"minecraft:oak_planks":22,"minecraft:axolotl_bucket":1,"minecraft:oak_pressure_plate":1,"minecraft:grass_block":2,"minecraft:loom":2,"minecraft:dark_oak_log":42,"minecraft:mossy_cobblestone":47,"minecraft:diamond":202,"minecraft:crossbow":1,"minecraft:breeze_rod":5,"minecraft:golden_apple":3,"minecraft:golden_horse_armor":1,"minecraft:emerald":166,"minecraft:oak_sapling":49,"minecraft:diamond_pickaxe":3,"minecraft:lingering_potion":1,"minecraft:crafting_table":31,"minecraft:azure_bluet":3,"minecraft:ominous_bottle":1,"minecraft:chicken":2,"minecraft:ladder":6,"minecraft:clay_ball":8,"minecraft:gold_block":1,"minecraft:chain":1,"minecraft:brick":69,"minecraft:shield":1,"minecraft:wind_charge":8,"minecraft:cornflower":2,"minecraft:iron_axe":1,"minecraft:blackstone":24,"minecraft:beef":105,"minecraft:oak_boat":2,"minecraft:chiseled_tuff":1,"minecraft:player_head":4,"minecraft:spruce_slab":20,"minecraft:lectern":22,"minecraft:guster_pottery_sherd":1,"minecraft:sugar_cane":167,"minecraft:chest":8,"minecraft:birch_sapling":48,"minecraft:waxed_oxidized_copper":1,"minecraft:egg":9,"minecraft:dark_oak_sapling":6,"minecraft:raw_iron":472,"minecraft:oak_door":9,"minecraft:note_block":1,"minecraft:carrot":5,"minecraft:redstone":133,"minecraft:music_disc_creator_music_box":1,"minecraft:iron_horse_armor":2,"minecraft:dark_oak_planks":1,"minecraft:tnt":1,"minecraft:arrow":78,"minecraft:decorated_pot":8,"minecraft:tuff_bricks":1,"minecraft:mutton":5,"minecraft:white_wool":5,"minecraft:oxeye_daisy":1,"minecraft:golden_carrot":3,"minecraft:glow_ink_sac":33,"minecraft:leather":73,"minecraft:birch_planks":22,"minecraft:oak_log":207,"minecraft:waxed_copper_block":1,"minecraft:cobbled_deepslate_stairs":3,"minecraft:yellow_bed":2,"minecraft:gunpowder":19,"minecraft:apple":8,"minecraft:iron_ingot":34,"minecraft:cooked_chicken":4,"minecraft:flowering_azalea":11,"minecraft:acacia_sapling":62,"minecraft:book":10,"minecraft:scaffolding":2,"minecraft:oak_slab":36,"minecraft:smooth_basalt":2,"minecraft:dandelion":9,"minecraft:dripstone_block":1,"minecraft:gravel":35,"minecraft:spruce_sapling":39,"minecraft:blast_furnace":6,"minecraft:white_bed":1,"minecraft:spruce_log":143,"minecraft:spruce_door":4,"minecraft:spider_eye":5,"minecraft:iron_helmet":1,"minecraft:cherry_sapling":11,"minecraft:baked_potato":8,"minecraft:melon_seeds":2,"minecraft:damaged_anvil":1,"minecraft:coal":3031,"minecraft:hopper":1,"minecraft:ender_pearl":1},"minecraft:dropped":{"minecraft:iron_sword":1,"minecraft:birch_planks":2,"minecraft:baked_potato":4,"minecraft:glow_ink_sac":27,"minecraft:loom":2,"minecraft:glass_bottle":3,"minecraft:diamond":13,"minecraft:crafting_table":4,"minecraft:decorated_pot":1,"minecraft:iron_horse_armor":2,"minecraft:flint":11,"minecraft:emerald":128,"minecraft:dirt":2,"minecraft:axolotl_bucket":1,"minecraft:iron_pickaxe":1,"minecraft:bone":79,"minecraft:oak_door":1,"minecraft:gravel":1,"minecraft:white_tulip":1,"minecraft:stone_axe":1,"minecraft:sugar_cane":1,"minecraft:cobbled_deepslate":4,"minecraft:wheat":2,"minecraft:birch_sapling":9,"minecraft:rotten_flesh":66,"minecraft:oak_planks":3,"minecraft:honey_bottle":1,"minecraft:carrot":1,"minecraft:chainmail_chestplate":12,"minecraft:tipped_arrow":12,"minecraft:gunpowder":8,"minecraft:melon_seeds":2,"minecraft:acacia_sapling":24,"minecraft:chiseled_tuff":1,"minecraft:enchanted_book":1,"minecraft:iron_ingot":25,"minecraft:wheat_seeds":2,"minecraft:mossy_cobblestone":45,"minecraft:golden_horse_armor":1,"minecraft:iron_helmet":1,"minecraft:cobblestone":6,"minecraft:tropical_fish":1,"minecraft:acacia_log":27,"minecraft:coal":2,"minecraft:golden_apple":1,"minecraft:stick":4,"minecraft:torch":5,"minecraft:potion":2,"minecraft:iron_leggings":1,"minecraft:iron_axe":2,"minecraft:string":19,"minecraft:spruce_sapling":3,"minecraft:redstone":1,"minecraft:smooth_basalt":2,"minecraft:tuff_bricks":1,"minecraft:raw_iron":52,"minecraft:clay_ball":8,"minecraft:iron_boots":13,"minecraft:stone_slab":1,"minecraft:shield":1,"minecraft:trial_key":2,"minecraft:spruce_planks":1,"minecraft:iron_chestplate":1,"minecraft:diamond_pickaxe":3,"minecraft:andesite":37,"minecraft:spider_eye":5,"minecraft:bow":5,"minecraft:stone_pickaxe":1,"minecraft:wooden_pickaxe":1,"minecraft:magma_block":10,"minecraft:brick":4},"minecraft:custom":{"minecraft:interact_with_crafting_table":137,"minecraft:open_barrel":33,"minecraft:bell_ring":27,"minecraft:leave_game":3,"minecraft:time_since_death":911748,"minecraft:sprint_one_cm":1605152,"minecraft:damage_blocked_by_shield":1797,"minecraft:drop":168,"minecraft:play_noteblock":1,"minecraft:talked_to_villager":217,"minecraft:play_time":911748,"minecraft:jump":12641,"minecraft:walk_on_water_one_cm":73468,"minecraft:enchant_item":26,"minecraft:interact_with_furnace":96,"minecraft:traded_with_villager":529,"minecraft:sleep_in_bed":26,"minecraft:damage_dealt":108056,"minecraft:player_kills":1,"minecraft:crouch_one_cm":107364,"minecraft:interact_with_smoker":10,"minecraft:interact_with_smithing_table":2,"minecraft:interact_with_anvil":19,"minecraft:mob_kills":1627,"minecraft:inspect_hopper":35,"minecraft:climb_one_cm":68809,"minecraft:walk_one_cm":1649681,"minecraft:sneak_time":36341,"minecraft:walk_under_water_one_cm":269365,"minecraft:boat_one_cm":62717,"minecraft:interact_with_blast_furnace":36,"minecraft:total_world_time":911748,"minecraft:interact_with_grindstone":21,"minecraft:interact_with_stonecutter":1,"minecraft:time_since_rest":18685,"minecraft:damage_taken":4277,"minecraft:damage_absorbed":270,"minecraft:swim_one_cm":68117,"minecraft:fly_one_cm":2738255,"minecraft:open_chest":319,"minecraft:fall_one_cm":386990},"minecraft:used":{"minecraft:moss_block":4,"minecraft:spruce_slab":62,"minecraft:ladder":9,"minecraft:chest":24,"minecraft:shield":55,"minecraft:stone":1,"minecraft:player_head":3,"minecraft:acacia_sapling":14,"minecraft:tuff":99,"minecraft:azure_bluet":3,"minecraft:honey_bottle":4,"minecraft:lava_bucket":1,"minecraft:grass_block":2,"minecraft:lantern":5,"minecraft:birch_sapling":38,"minecraft:iron_helmet":1,"minecraft:birch_trapdoor":12,"minecraft:bow":119,"minecraft:scaffolding":2,"minecraft:oak_sapling":35,"minecraft:furnace":12,"minecraft:egg":9,"minecraft:diamond_boots":2,"minecraft:spruce_door":4,"minecraft:acacia_trapdoor":4,"minecraft:stone_pickaxe":38,"minecraft:oak_planks":23,"minecraft:blackstone":20,"minecraft:wooden_pickaxe":6,"minecraft:composter":3,"minecraft:sugar_cane":37,"minecraft:diamond_axe":492,"minecraft:golden_apple":9,"minecraft:blast_furnace":9,"minecraft:lingering_potion":1,"minecraft:dripstone_block":1,"minecraft:cobbled_deepslate_stairs":7,"minecraft:lectern":24,"minecraft:oak_pressure_plate":1,"minecraft:gravel":25,"minecraft:diamond_sword":1503,"minecraft:grindstone":4,"minecraft:smithing_table":3,"minecraft:andesite":221,"minecraft:oak_boat":3,"minecraft:bone_meal":6,"minecraft:experience_bottle":4,"minecraft:oak_fence":1,"minecraft:enchanting_table":2,"minecraft:white_tulip":2,"minecraft:spruce_planks":34,"minecraft:cooked_chicken":3,"minecraft:trial_key":7,"minecraft:oak_door":3,"minecraft:torch":53,"minecraft:dirt":25,"minecraft:anvil":2,"minecraft:hopper":2,"minecraft:diamond_helmet":2,"minecraft:dark_oak_planks":1,"minecraft:bookshelf":41,"minecraft:iron_axe":61,"minecraft:oak_stairs":5,"minecraft:spruce_button":1,"minecraft:iron_boots":1,"minecraft:diamond_chestplate":4,"minecraft:golden_carrot":3,"minecraft:cooked_beef":84,"minecraft:cobbled_deepslate":389,"minecraft:iron_leggings":1,"minecraft:pointed_dripstone":1,"minecraft:water_bucket":65,"minecraft:cobblestone_stairs":4,"minecraft:birch_planks":22,"minecraft:baked_potato":2,"minecraft:spruce_sign":3,"minecraft:fletching_table":4,"minecraft:oak_slab":41,"minecraft:crafting_table":32,"minecraft:white_bed":2,"minecraft:smoker":2,"minecraft:oak_log":14,"minecraft:cornflower":2,"minecraft:diamond_pickaxe":4886,"minecraft:oxeye_daisy":1,"minecraft:diamond_shovel":18,"minecraft:wind_charge":1,"minecraft:iron_pickaxe":378,"minecraft:stone_slab":11,"minecraft:spruce_trapdoor":6,"minecraft:spruce_sapling":12,"minecraft:stone_axe":10,"minecraft:cobblestone":654,"minecraft:potion":1,"minecraft:cobbled_deepslate_slab":12,"minecraft:bucket":67,"minecraft:yellow_bed":2,"minecraft:dandelion":9,"minecraft:diamond_leggings":3},"minecraft:crafted":{"minecraft:grindstone":3,"minecraft:smooth_stone":16,"minecraft:oak_planks":768,"minecraft:birch_slab":6,"minecraft:cobblestone_stairs":4,"minecraft:stone":22,"minecraft:diamond_shovel":1,"minecraft:bookshelf":40,"minecraft:hopper":1,"minecraft:diamond_helmet":1,"minecraft:bow":1,"minecraft:diamond_leggings":2,"minecraft:iron_boots":13,"minecraft:chest":18,"minecraft:raw_iron_block":22,"minecraft:smoker":1,"minecraft:oak_slab":12,"minecraft:arrow":32,"minecraft:emerald":459,"minecraft:diamond_axe":1,"minecraft:crafting_table":7,"minecraft:spruce_planks":372,"minecraft:wooden_pickaxe":1,"minecraft:iron_helmet":1,"minecraft:chainmail_chestplate":12,"minecraft:smithing_table":1,"minecraft:fletching_table":2,"minecraft:birch_planks":624,"minecraft:spruce_trapdoor":6,"minecraft:lectern":2,"minecraft:book":35,"minecraft:paper":129,"minecraft:diamond_pickaxe":1,"minecraft:shield":1,"minecraft:stick":4305,"minecraft:stone_slab":6,"minecraft:iron_ingot":454,"minecraft:iron_pickaxe":3,"minecraft:gold_ingot":135,"minecraft:cherry_planks":8,"minecraft:cobbled_deepslate_slab":12,"minecraft:raw_iron":207,"minecraft:coal":1530,"minecraft:iron_nugget":27,"minecraft:spruce_button":1,"minecraft:furnace":7,"minecraft:blast_furnace":3,"minecraft:bone_meal":9,"minecraft:diamond_block":10,"minecraft:lantern":3,"minecraft:iron_axe":1,"minecraft:ladder":3,"minecraft:spruce_slab":42,"minecraft:stone_pickaxe":1,"minecraft:diamond_boots":2,"minecraft:cobbled_deepslate_stairs":4,"minecraft:dark_oak_planks":4,"minecraft:cooked_beef":64,"minecraft:coal_block":175,"minecraft:diamond_sword":5,"minecraft:spruce_sign":3,"minecraft:enchanting_table":2,"minecraft:iron_sword":2,"minecraft:acacia_trapdoor":4,"minecraft:bucket":3,"minecraft:stone_axe":12,"minecraft:enchanted_book":1,"minecraft:air":0,"minecraft:oak_boat":1,"minecraft:golden_apple":20,"minecraft:raw_gold":9,"minecraft:birch_trapdoor":6,"minecraft:iron_leggings":1,"minecraft:anvil":1,"minecraft:white_bed":1,"minecraft:acacia_planks":836,"minecraft:torch":44,"minecraft:lapis_block":36,"minecraft:diamond_chestplate":2},"minecraft:mined":{"minecraft:dark_oak_planks":1,"minecraft:spruce_planks":19,"minecraft:cobbled_deepslate_stairs":3,"minecraft:cherry_log":1,"minecraft:obsidian":5,"minecraft:acacia_log":29,"minecraft:deepslate_tile_wall":1,"minecraft:grass_block":27,"minecraft:oak_pressure_plate":1,"minecraft:deepslate_bricks":2,"minecraft:hopper":1,"minecraft:composter":5,"minecraft:tuff_bricks":1,"minecraft:magma_block":81,"minecraft:iron_ore":175,"minecraft:cobbled_deepslate":104,"minecraft:polished_tuff":1,"minecraft:fletching_table":2,"minecraft:anvil":1,"minecraft:deepslate_lapis_ore":41,"minecraft:azure_bluet":3,"minecraft:pointed_dripstone":4,"minecraft:water_cauldron":4,"minecraft:oak_stairs":6,"minecraft:azalea_leaves":2,"minecraft:iron_block":4,"minecraft:spruce_slab":20,"minecraft:deepslate_redstone_ore":13,"minecraft:blackstone":37,"minecraft:smoker":1,"minecraft:clay":1,"minecraft:torch":3,"minecraft:note_block":1,"minecraft:blast_furnace":6,"minecraft:calcite":2,"minecraft:chest":8,"minecraft:cobblestone":233,"minecraft:grindstone":1,"minecraft:sugar_cane":123,"minecraft:oak_planks":20,"minecraft:damaged_anvil":1,"minecraft:wall_torch":14,"minecraft:amethyst_block":5,"minecraft:deepslate_copper_ore":3,"minecraft:acacia_sapling":1,"minecraft:birch_log":26,"minecraft:wheat":1,"minecraft:birch_trapdoor":7,"minecraft:waxed_copper_block":2,"minecraft:tnt":1,"minecraft:oak_log":54,"minecraft:waxed_oxidized_copper":1,"minecraft:loom":2,"minecraft:dirt":11,"minecraft:smooth_basalt":7,"minecraft:stonecutter":1,"minecraft:oak_leaves":1,"minecraft:deepslate":1143,"minecraft:diamond_ore":7,"minecraft:tuff":272,"minecraft:mossy_cobblestone":47,"minecraft:deepslate_diamond_ore":110,"minecraft:oak_door":9,"minecraft:dark_oak_log":1,"minecraft:glow_lichen":2,"minecraft:ladder":6,"minecraft:decorated_pot":19,"minecraft:spruce_leaves":2,"minecraft:moss_block":3,"minecraft:large_fern":1,"minecraft:vault":1,"minecraft:redstone_ore":3,"minecraft:furnace":9,"minecraft:andesite":367,"minecraft:gold_block":1,"minecraft:chiseled_tuff":1,"minecraft:polished_deepslate":2,"minecraft:bookshelf":3,"minecraft:deepslate_iron_ore":90,"minecraft:vine":8,"minecraft:rail":5,"minecraft:lantern":1,"minecraft:stone":911,"minecraft:white_tulip":1,"minecraft:smithing_table":2,"minecraft:oak_slab":34,"minecraft:acacia_leaves":5,"minecraft:scaffolding":1,"minecraft:spruce_door":4,"minecraft:dandelion":9,"minecraft:oak_fence":1,"minecraft:crafting_table":29,"minecraft:cornflower":2,"minecraft:short_grass":33,"minecraft:lectern":23,"minecraft:stone_slab":18,"minecraft:tall_grass":22,"minecraft:deepslate_gold_ore":56,"minecraft:lapis_ore":9,"minecraft:birch_planks":23,"minecraft:spruce_log":25,"minecraft:yellow_bed":2,"minecraft:coal_ore":1454,"minecraft:gravel":31,"minecraft:dripstone_block":3,"minecraft:cobweb":3,"minecraft:gold_ore":2,"minecraft:fern":3},"minecraft:killed":{"minecraft:witch":1,"minecraft:spider":10,"minecraft:skeleton":60,"minecraft:chicken":5,"minecraft:zombie_villager":1,"minecraft:creeper":14,"minecraft:sheep":5,"minecraft:zombie":1364,"minecraft:glow_squid":2,"minecraft:cow":50,"minecraft:vindicator":1,"minecraft:horse":3,"minecraft:husk":13,"minecraft:breeze":1,"minecraft:enderman":1}},"DataVersion":3955}