{"stats":{"minecraft:picked_up":{"minecraft:iron_chestplate":2,"minecraft:wheat":31,"minecraft:anvil":1,"minecraft:smithing_table":2,"minecraft:stone_slab":19,"minecraft:diamond_sword":4,"minecraft:oak_stairs":8,"minecraft:potion":4,"minecraft:golden_sword":1,"minecraft:music_disc_cat":1,"minecraft:string":41,"minecraft:soul_soil":15,"minecraft:raw_copper":56,"minecraft:experience_bottle":4,"minecraft:shroomlight":10,"minecraft:beetroot":3,"minecraft:gold_nugget":736,"minecraft:cobbled_deepslate":1247,"minecraft:dark_oak_leaves":166,"minecraft:spruce_planks":5,"minecraft:white_tulip":3,"minecraft:trial_key":9,"minecraft:azalea":25,"minecraft:iron_boots":1,"minecraft:furnace":9,"minecraft:tipped_arrow":19,"minecraft:stick":224,"minecraft:composter":5,"minecraft:birch_trapdoor":14,"minecraft:oak_fence":1,"minecraft:torch":17,"minecraft:acacia_log":236,"minecraft:porkchop":3,"minecraft:cherry_log":18,"minecraft:pointed_dripstone":5,"minecraft:cauldron":3,"minecraft:nether_gold_ore":78,"minecraft:honey_bottle":3,"minecraft:rotten_flesh":1366,"minecraft:tropical_fish":1,"minecraft:iron_block":4,"minecraft:carved_pumpkin":1,"minecraft:bookshelf":20,"minecraft:blaze_rod":17,"minecraft:obsidian":7,"minecraft:cobblestone":1175,"minecraft:birch_log":156,"minecraft:enchanting_table":1,"minecraft:magma_block":24,"minecraft:feather":9,"minecraft:cooked_beef":22,"minecraft:magma_cream":7,"minecraft:andesite":378,"minecraft:smoker":1,"minecraft:potato":28,"minecraft:flint":22,"minecraft:tuff":314,"minecraft:lapis_lazuli":554,"minecraft:dirt":70,"minecraft:lantern":3,"minecraft:bone":172,"minecraft:chipped_anvil":2,"minecraft:acacia_planks":24,"minecraft:bow":8,"minecraft:stonecutter":1,"minecraft:wheat_seeds":109,"minecraft:raw_gold":109,"minecraft:grindstone":2,"minecraft:fletching_table":2,"minecraft:glowstone_dust":68,"minecraft:moss_block":2,"minecraft:oak_planks":69,"minecraft:scrape_pottery_sherd":2,"minecraft:axolotl_bucket":1,"minecraft:oak_pressure_plate":1,"minecraft:sand":90,"minecraft:grass_block":85,"minecraft:loom":2,"minecraft:dark_oak_log":123,"minecraft:mossy_cobblestone":47,"minecraft:diamond":202,"minecraft:crossbow":1,"minecraft:breeze_rod":5,"minecraft:golden_apple":4,"minecraft:golden_horse_armor":1,"minecraft:emerald":166,"minecraft:oak_sapling":49,"minecraft:netherrack":4121,"minecraft:oak_leaves":437,"minecraft:crimson_roots":2,"minecraft:diamond_pickaxe":3,"minecraft:lingering_potion":1,"minecraft:crafting_table":44,"minecraft:chicken":2,"minecraft:azure_bluet":3,"minecraft:ominous_bottle":1,"minecraft:ladder":6,"minecraft:nether_wart":20,"minecraft:clay_ball":8,"minecraft:gold_block":1,"minecraft:chain":1,"minecraft:brick":69,"minecraft:shield":1,"minecraft:wind_charge":8,"minecraft:cornflower":2,"minecraft:iron_axe":1,"minecraft:blackstone":178,"minecraft:beef":105,"minecraft:oak_boat":2,"minecraft:chiseled_tuff":1,"minecraft:player_head":149,"minecraft:spruce_slab":20,"minecraft:lectern":22,"minecraft:guster_pottery_sherd":1,"minecraft:sugar_cane":224,"minecraft:chest":8,"minecraft:birch_sapling":48,"minecraft:waxed_oxidized_copper":1,"minecraft:egg":11,"minecraft:dark_oak_sapling":6,"minecraft:raw_iron":510,"minecraft:stone":87,"minecraft:oak_door":10,"minecraft:note_block":1,"minecraft:carrot":75,"minecraft:redstone":133,"minecraft:music_disc_creator_music_box":1,"minecraft:iron_horse_armor":2,"minecraft:dark_oak_planks":1,"minecraft:tnt":1,"minecraft:arrow":115,"minecraft:decorated_pot":8,"minecraft:beetroot_seeds":10,"minecraft:hay_block":4,"minecraft:tuff_bricks":1,"minecraft:mutton":5,"minecraft:white_wool":5,"minecraft:oxeye_daisy":1,"minecraft:lapis_ore":3,"minecraft:basalt":137,"minecraft:golden_carrot":3,"minecraft:glow_ink_sac":33,"minecraft:leather":84,"minecraft:birch_planks":22,"minecraft:oak_log":507,"minecraft:waxed_copper_block":1,"minecraft:ancient_debris":41,"minecraft:golden_boots":1,"minecraft:yellow_bed":4,"minecraft:cobbled_deepslate_stairs":3,"minecraft:gunpowder":114,"minecraft:apple":8,"minecraft:iron_ingot":41,"minecraft:cooked_chicken":4,"minecraft:iron_ore":17,"minecraft:flowering_azalea":11,"minecraft:acacia_sapling":62,"minecraft:soul_sand":43,"minecraft:book":13,"minecraft:scaffolding":2,"minecraft:oak_slab":36,"minecraft:smooth_basalt":2,"minecraft:nether_quartz_ore":64,"minecraft:dandelion":9,"minecraft:quartz":127,"minecraft:dripstone_block":1,"minecraft:gravel":259,"minecraft:spruce_sapling":39,"minecraft:blast_furnace":6,"minecraft:white_bed":2,"minecraft:spruce_log":143,"minecraft:spruce_door":4,"minecraft:spider_eye":23,"minecraft:coal_ore":147,"minecraft:iron_helmet":1,"minecraft:cherry_sapling":11,"minecraft:baked_potato":12,"minecraft:damaged_anvil":1,"minecraft:melon_seeds":2,"minecraft:coal":3409,"minecraft:hopper":1,"minecraft:ender_pearl":1},"minecraft:killed":{"minecraft:zombified_piglin":1,"minecraft:witch":1,"minecraft:spider":24,"minecraft:skeleton":74,"minecraft:chicken":7,"minecraft:silverfish":2984,"minecraft:magma_cube":8,"minecraft:piglin":3,"minecraft:zombie_villager":1,"minecraft:creeper":55,"minecraft:sheep":5,"minecraft:zombie":1925,"minecraft:glow_squid":2,"minecraft:blaze":16,"minecraft:cow":56,"minecraft:vindicator":1,"minecraft:phantom":3,"minecraft:horse":3,"minecraft:husk":13,"minecraft:bat":2,"minecraft:hoglin":1,"minecraft:breeze":1,"minecraft:enderman":1},"minecraft:dropped":{"minecraft:iron_sword":1,"minecraft:soul_sand":2,"minecraft:birch_planks":2,"minecraft:porkchop":3,"minecraft:baked_potato":4,"minecraft:glow_ink_sac":27,"minecraft:loom":2,"minecraft:glass_bottle":10,"minecraft:diamond":13,"minecraft:crafting_table":5,"minecraft:decorated_pot":1,"minecraft:leather":11,"minecraft:iron_horse_armor":2,"minecraft:flint":11,"minecraft:emerald":128,"minecraft:dirt":19,"minecraft:gold_nugget":46,"minecraft:axolotl_bucket":1,"minecraft:iron_pickaxe":1,"minecraft:dark_oak_planks":2,"minecraft:white_wool":2,"minecraft:bone":121,"minecraft:oak_door":1,"minecraft:gravel":207,"minecraft:white_tulip":1,"minecraft:stone_axe":1,"minecraft:blackstone":88,"minecraft:sugar_cane":1,"minecraft:diamond_block":1,"minecraft:cobbled_deepslate":4,"minecraft:wheat":2,"minecraft:birch_sapling":9,"minecraft:beetroot":3,"minecraft:rotten_flesh":165,"minecraft:oak_planks":3,"minecraft:honey_bottle":1,"minecraft:carrot":3,"minecraft:chainmail_chestplate":12,"minecraft:tipped_arrow":12,"minecraft:gunpowder":18,"minecraft:beetroot_seeds":8,"minecraft:melon_seeds":2,"minecraft:acacia_sapling":24,"minecraft:arrow":16,"minecraft:chiseled_tuff":1,"minecraft:quartz":1,"minecraft:oak_leaves":437,"minecraft:netherrack":1959,"minecraft:enchanted_book":1,"minecraft:iron_ingot":25,"minecraft:wheat_seeds":76,"minecraft:mossy_cobblestone":45,"minecraft:golden_horse_armor":1,"minecraft:iron_helmet":1,"minecraft:feather":4,"minecraft:cobblestone":41,"minecraft:tropical_fish":1,"minecraft:acacia_log":27,"minecraft:coal":2,"minecraft:golden_apple":2,"minecraft:stick":27,"minecraft:dark_oak_leaves":166,"minecraft:torch":5,"minecraft:potion":2,"minecraft:iron_leggings":1,"minecraft:iron_axe":2,"minecraft:string":35,"minecraft:music_disc_cat":1,"minecraft:spruce_sapling":3,"minecraft:redstone":1,"minecraft:smooth_basalt":2,"minecraft:tuff_bricks":1,"minecraft:raw_iron":52,"minecraft:clay_ball":8,"minecraft:iron_boots":13,"minecraft:stone_slab":2,"minecraft:diamond_sword":4,"minecraft:stone":54,"minecraft:shield":1,"minecraft:trial_key":2,"minecraft:spruce_planks":1,"minecraft:diamond_pickaxe":3,"minecraft:iron_chestplate":1,"minecraft:andesite":50,"minecraft:golden_sword":1,"minecraft:spider_eye":18,"minecraft:bow":6,"minecraft:stone_pickaxe":1,"minecraft:wooden_pickaxe":1,"minecraft:magma_cream":2,"minecraft:nether_quartz_ore":39,"minecraft:magma_block":10,"minecraft:brick":4},"minecraft:crafted":{"minecraft:grindstone":3,"minecraft:smooth_stone":16,"minecraft:oak_planks":1786,"minecraft:birch_slab":6,"minecraft:stone":22,"minecraft:cobblestone_stairs":4,"minecraft:diamond_shovel":2,"minecraft:bookshelf":42,"minecraft:hopper":1,"minecraft:diamond_helmet":1,"minecraft:bow":1,"minecraft:diamond_leggings":2,"minecraft:iron_boots":13,"minecraft:chest":19,"minecraft:raw_iron_block":22,"minecraft:smoker":1,"minecraft:glass_bottle":9,"minecraft:oak_slab":12,"minecraft:emerald":699,"minecraft:arrow":32,"minecraft:diamond_axe":1,"minecraft:crafting_table":7,"minecraft:spruce_planks":372,"minecraft:wooden_pickaxe":1,"minecraft:iron_helmet":1,"minecraft:chainmail_chestplate":12,"minecraft:smithing_table":1,"minecraft:fletching_table":2,"minecraft:brewing_stand":1,"minecraft:birch_planks":624,"minecraft:tnt":17,"minecraft:spruce_trapdoor":6,"minecraft:lectern":2,"minecraft:book":47,"minecraft:paper":165,"minecraft:diamond_pickaxe":3,"minecraft:shield":1,"minecraft:stick":6317,"minecraft:stone_slab":6,"minecraft:iron_ingot":493,"minecraft:iron_pickaxe":3,"minecraft:iron_block":3,"minecraft:gold_ingot":212,"minecraft:netherite_ingot":10,"minecraft:cherry_planks":8,"minecraft:cobbled_deepslate_slab":12,"minecraft:raw_iron":207,"minecraft:coal":1557,"minecraft:iron_nugget":27,"minecraft:spruce_button":1,"minecraft:furnace":7,"minecraft:blast_furnace":3,"minecraft:bone_meal":9,"minecraft:diamond_block":10,"minecraft:flint_and_steel":1,"minecraft:lantern":3,"minecraft:iron_axe":1,"minecraft:ladder":3,"minecraft:spruce_slab":42,"minecraft:stone_pickaxe":1,"minecraft:diamond_boots":2,"minecraft:cobbled_deepslate_stairs":4,"minecraft:netherite_scrap":41,"minecraft:dark_oak_planks":392,"minecraft:wheat":36,"minecraft:cooked_beef":64,"minecraft:coal_block":175,"minecraft:diamond_sword":5,"minecraft:spruce_sign":3,"minecraft:enchanting_table":2,"minecraft:iron_sword":2,"minecraft:acacia_trapdoor":4,"minecraft:bucket":3,"minecraft:stone_axe":12,"minecraft:enchanted_book":7,"minecraft:bread":12,"minecraft:air":0,"minecraft:oak_boat":1,"minecraft:golden_apple":23,"minecraft:raw_gold":9,"minecraft:birch_trapdoor":6,"minecraft:iron_leggings":1,"minecraft:anvil":2,"minecraft:white_bed":106,"minecraft:acacia_planks":836,"minecraft:torch":44,"minecraft:lapis_lazuli":162,"minecraft:lapis_block":36,"minecraft:diamond_chestplate":2},"minecraft:custom":{"minecraft:interact_with_crafting_table":177,"minecraft:open_barrel":33,"minecraft:bell_ring":28,"minecraft:leave_game":10,"minecraft:time_since_death":1401471,"minecraft:sprint_one_cm":2629716,"minecraft:damage_blocked_by_shield":2317,"minecraft:drop":303,"minecraft:play_noteblock":1,"minecraft:talked_to_villager":290,"minecraft:play_time":1401471,"minecraft:jump":20483,"minecraft:interact_with_brewingstand":8,"minecraft:walk_on_water_one_cm":82428,"minecraft:enchant_item":64,"minecraft:interact_with_furnace":109,"minecraft:traded_with_villager":776,"minecraft:sleep_in_bed":30,"minecraft:damage_dealt":144758,"minecraft:player_kills":1,"minecraft:crouch_one_cm":252021,"minecraft:interact_with_smoker":10,"minecraft:inspect_dispenser":3,"minecraft:interact_with_smithing_table":3,"minecraft:interact_with_anvil":35,"minecraft:mob_kills":5366,"minecraft:inspect_hopper":41,"minecraft:climb_one_cm":98857,"minecraft:walk_one_cm":2693162,"minecraft:sneak_time":77622,"minecraft:walk_under_water_one_cm":766329,"minecraft:boat_one_cm":62717,"minecraft:interact_with_blast_furnace":42,"minecraft:total_world_time":1401471,"minecraft:interact_with_grindstone":40,"minecraft:interact_with_stonecutter":2,"minecraft:time_since_rest":22927,"minecraft:damage_taken":9490,"minecraft:damage_absorbed":726,"minecraft:swim_one_cm":186892,"minecraft:fly_one_cm":4687392,"minecraft:open_chest":543,"minecraft:fall_one_cm":629681},"minecraft:broken":{"minecraft:flint_and_steel":1},"minecraft:used":{"minecraft:moss_block":4,"minecraft:spruce_slab":62,"minecraft:ladder":9,"minecraft:chest":26,"minecraft:shield":72,"minecraft:stone":18,"minecraft:player_head":5,"minecraft:carrot":2,"minecraft:acacia_sapling":14,"minecraft:tuff":99,"minecraft:azure_bluet":3,"minecraft:honey_bottle":4,"minecraft:lava_bucket":1,"minecraft:coal_ore":147,"minecraft:grass_block":59,"minecraft:lantern":6,"minecraft:birch_sapling":38,"minecraft:iron_helmet":1,"minecraft:birch_trapdoor":20,"minecraft:bow":158,"minecraft:scaffolding":2,"minecraft:oak_sapling":35,"minecraft:furnace":12,"minecraft:beetroot_seeds":2,"minecraft:egg":11,"minecraft:potato":21,"minecraft:diamond_boots":3,"minecraft:spruce_door":4,"minecraft:oak_planks":30,"minecraft:acacia_trapdoor":4,"minecraft:stone_pickaxe":38,"minecraft:blackstone":22,"minecraft:ender_pearl":1,"minecraft:wooden_pickaxe":6,"minecraft:composter":3,"minecraft:sugar_cane":58,"minecraft:diamond_axe":611,"minecraft:golden_apple":22,"minecraft:blast_furnace":9,"minecraft:lingering_potion":1,"minecraft:dripstone_block":1,"minecraft:cobbled_deepslate_stairs":7,"minecraft:bread":5,"minecraft:lectern":24,"minecraft:oak_pressure_plate":1,"minecraft:gravel":45,"minecraft:diamond_sword":2187,"minecraft:grindstone":5,"minecraft:smithing_table":3,"minecraft:andesite":260,"minecraft:air":1,"minecraft:oak_boat":3,"minecraft:bone_meal":6,"minecraft:experience_bottle":4,"minecraft:oak_fence":1,"minecraft:enchanting_table":3,"minecraft:white_tulip":2,"minecraft:flint_and_steel":67,"minecraft:spruce_planks":34,"minecraft:trial_key":7,"minecraft:cooked_chicken":9,"minecraft:netherrack":1201,"minecraft:oak_door":3,"minecraft:torch":53,"minecraft:brewing_stand":1,"minecraft:dirt":36,"minecraft:anvil":3,"minecraft:hopper":2,"minecraft:diamond_helmet":3,"minecraft:dark_oak_planks":1,"minecraft:chipped_anvil":2,"minecraft:bookshelf":61,"minecraft:iron_axe":61,"minecraft:oak_stairs":7,"minecraft:spruce_button":1,"minecraft:iron_boots":1,"minecraft:diamond_chestplate":4,"minecraft:basalt":116,"minecraft:golden_carrot":3,"minecraft:cooked_beef":150,"minecraft:cobbled_deepslate":395,"minecraft:pointed_dripstone":1,"minecraft:iron_leggings":1,"minecraft:wheat_seeds":31,"minecraft:water_bucket":76,"minecraft:iron_ore":17,"minecraft:cobblestone_stairs":4,"minecraft:birch_planks":22,"minecraft:glass_bottle":10,"minecraft:baked_potato":16,"minecraft:spruce_sign":3,"minecraft:fletching_table":4,"minecraft:tnt":17,"minecraft:crafting_table":45,"minecraft:oak_slab":43,"minecraft:white_bed":108,"minecraft:smoker":2,"minecraft:nether_gold_ore":78,"minecraft:oak_log":16,"minecraft:cornflower":2,"minecraft:diamond_pickaxe":14724,"minecraft:oxeye_daisy":1,"minecraft:diamond_shovel":506,"minecraft:wind_charge":1,"minecraft:iron_pickaxe":378,"minecraft:lapis_ore":3,"minecraft:stone_slab":11,"minecraft:spruce_trapdoor":6,"minecraft:spruce_sapling":12,"minecraft:stone_axe":10,"minecraft:cobblestone":709,"minecraft:potion":9,"minecraft:cobbled_deepslate_slab":12,"minecraft:bucket":78,"minecraft:yellow_bed":4,"minecraft:dandelion":9,"minecraft:diamond_leggings":3},"minecraft:mined":{"minecraft:dark_oak_planks":1,"minecraft:spruce_planks":19,"minecraft:white_bed":1,"minecraft:cobbled_deepslate_stairs":3,"minecraft:cherry_log":1,"minecraft:obsidian":7,"minecraft:acacia_log":29,"minecraft:deepslate_tile_wall":1,"minecraft:grass_block":114,"minecraft:oak_pressure_plate":1,"minecraft:deepslate_bricks":2,"minecraft:soul_soil":15,"minecraft:composter":6,"minecraft:hopper":1,"minecraft:nether_wart":20,"minecraft:tuff_bricks":1,"minecraft:magma_block":86,"minecraft:glowstone":14,"minecraft:iron_ore":209,"minecraft:fire":444,"minecraft:cobbled_deepslate":111,"minecraft:polished_tuff":1,"minecraft:anvil":1,"minecraft:deepslate_lapis_ore":41,"minecraft:fletching_table":2,"minecraft:azure_bluet":3,"minecraft:enchanting_table":1,"minecraft:pointed_dripstone":4,"minecraft:water_cauldron":4,"minecraft:oak_stairs":9,"minecraft:azalea_leaves":2,"minecraft:iron_block":4,"minecraft:player_head":2,"minecraft:spruce_slab":20,"minecraft:deepslate_redstone_ore":13,"minecraft:blackstone":227,"minecraft:crimson_nylium":8,"minecraft:smoker":1,"minecraft:soul_fire":8,"minecraft:clay":1,"minecraft:torch":3,"minecraft:note_block":1,"minecraft:blast_furnace":6,"minecraft:calcite":2,"minecraft:chest":8,"minecraft:cobblestone":238,"minecraft:nether_quartz_ore":127,"minecraft:damaged_anvil":1,"minecraft:oak_planks":27,"minecraft:sugar_cane":163,"minecraft:grindstone":2,"minecraft:wall_torch":14,"minecraft:amethyst_block":5,"minecraft:deepslate_copper_ore":3,"minecraft:acacia_sapling":1,"minecraft:birch_log":26,"minecraft:wheat":30,"minecraft:birch_trapdoor":13,"minecraft:waxed_copper_block":2,"minecraft:tnt":1,"minecraft:oak_log":94,"minecraft:beetroots":5,"minecraft:waxed_oxidized_copper":1,"minecraft:loom":2,"minecraft:sand":91,"minecraft:dirt":35,"minecraft:smooth_basalt":7,"minecraft:stonecutter":1,"minecraft:ancient_debris":37,"minecraft:netherrack":8502,"minecraft:oak_leaves":5,"minecraft:deepslate":1143,"minecraft:nether_gold_ore":171,"minecraft:diamond_ore":7,"minecraft:tuff":272,"minecraft:mossy_cobblestone":47,"minecraft:deepslate_diamond_ore":110,"minecraft:oak_door":10,"minecraft:dark_oak_log":3,"minecraft:glow_lichen":2,"minecraft:ladder":6,"minecraft:decorated_pot":19,"minecraft:crimson_roots":1,"minecraft:spruce_leaves":2,"minecraft:moss_block":3,"minecraft:large_fern":3,"minecraft:hay_block":4,"minecraft:vault":1,"minecraft:redstone_ore":3,"minecraft:furnace":9,"minecraft:carrots":17,"minecraft:andesite":373,"minecraft:gold_block":1,"minecraft:chiseled_tuff":1,"minecraft:polished_deepslate":2,"minecraft:bookshelf":23,"minecraft:potatoes":5,"minecraft:shroomlight":10,"minecraft:deepslate_iron_ore":90,"minecraft:vine":8,"minecraft:rail":5,"minecraft:lantern":1,"minecraft:white_tulip":1,"minecraft:stone":1088,"minecraft:smithing_table":2,"minecraft:oak_slab":35,"minecraft:scaffolding":1,"minecraft:acacia_leaves":5,"minecraft:soul_sand":52,"minecraft:dandelion":9,"minecraft:basalt":145,"minecraft:spruce_door":4,"minecraft:oak_fence":1,"minecraft:crafting_table":42,"minecraft:cornflower":2,"minecraft:short_grass":76,"minecraft:lectern":23,"minecraft:stone_slab":19,"minecraft:tall_grass":46,"minecraft:lapis_ore":15,"minecraft:deepslate_gold_ore":56,"minecraft:birch_planks":23,"minecraft:spruce_log":25,"minecraft:yellow_bed":4,"minecraft:coal_ore":1771,"minecraft:gravel":262,"minecraft:dripstone_block":3,"minecraft:cobweb":3,"minecraft:gold_ore":2,"minecraft:chipped_anvil":2,"minecraft:fern":5}},"DataVersion":3955}