{"stats":{"minecraft:picked_up":{"minecraft:iron_chestplate":2,"minecraft:wheat":2,"minecraft:smithing_table":2,"minecraft:stone_slab":14,"minecraft:oak_stairs":5,"minecraft:potion":4,"minecraft:music_disc_cat":1,"minecraft:string":18,"minecraft:raw_copper":56,"minecraft:experience_bottle":4,"minecraft:cobbled_deepslate":1047,"minecraft:white_tulip":3,"minecraft:trial_key":9,"minecraft:azalea":25,"minecraft:furnace":8,"minecraft:iron_boots":1,"minecraft:tipped_arrow":19,"minecraft:stick":209,"minecraft:composter":4,"minecraft:oak_fence":1,"minecraft:torch":10,"minecraft:acacia_log":230,"minecraft:cherry_log":18,"minecraft:pointed_dripstone":5,"minecraft:cauldron":2,"minecraft:honey_bottle":3,"minecraft:rotten_flesh":147,"minecraft:tropical_fish":1,"minecraft:iron_block":4,"minecraft:carved_pumpkin":1,"minecraft:bookshelf":2,"minecraft:obsidian":4,"minecraft:cobblestone":994,"minecraft:birch_log":152,"minecraft:magma_block":19,"minecraft:cooked_beef":1,"minecraft:andesite":361,"minecraft:smoker":1,"minecraft:potato":1,"minecraft:flint":19,"minecraft:tuff":188,"minecraft:lantern":1,"minecraft:lapis_lazuli":464,"minecraft:dirt":22,"minecraft:bone":126,"minecraft:acacia_planks":24,"minecraft:bow":7,"minecraft:wheat_seeds":3,"minecraft:raw_gold":104,"minecraft:grindstone":1,"minecraft:moss_block":2,"minecraft:scrape_pottery_sherd":2,"minecraft:oak_planks":20,"minecraft:axolotl_bucket":1,"minecraft:oak_pressure_plate":1,"minecraft:loom":2,"minecraft:dark_oak_log":42,"minecraft:mossy_cobblestone":47,"minecraft:diamond":202,"minecraft:crossbow":1,"minecraft:breeze_rod":5,"minecraft:golden_apple":3,"minecraft:golden_horse_armor":1,"minecraft:emerald":166,"minecraft:oak_sapling":49,"minecraft:diamond_pickaxe":3,"minecraft:lingering_potion":1,"minecraft:crafting_table":25,"minecraft:azure_bluet":3,"minecraft:ominous_bottle":1,"minecraft:clay_ball":8,"minecraft:gold_block":1,"minecraft:chain":1,"minecraft:brick":69,"minecraft:shield":1,"minecraft:wind_charge":8,"minecraft:cornflower":2,"minecraft:iron_axe":1,"minecraft:blackstone":24,"minecraft:beef":64,"minecraft:oak_boat":2,"minecraft:chiseled_tuff":1,"minecraft:player_head":4,"minecraft:lectern":22,"minecraft:guster_pottery_sherd":1,"minecraft:sugar_cane":130,"minecraft:chest":4,"minecraft:birch_sapling":48,"minecraft:waxed_oxidized_copper":1,"minecraft:egg":2,"minecraft:dark_oak_sapling":6,"minecraft:raw_iron":458,"minecraft:oak_door":8,"minecraft:note_block":1,"minecraft:carrot":1,"minecraft:redstone":110,"minecraft:music_disc_creator_music_box":1,"minecraft:iron_horse_armor":2,"minecraft:dark_oak_planks":1,"minecraft:tnt":1,"minecraft:arrow":75,"minecraft:decorated_pot":8,"minecraft:tuff_bricks":1,"minecraft:mutton":5,"minecraft:white_wool":5,"minecraft:oxeye_daisy":1,"minecraft:golden_carrot":3,"minecraft:glow_ink_sac":31,"minecraft:leather":39,"minecraft:birch_planks":22,"minecraft:oak_log":207,"minecraft:waxed_copper_block":1,"minecraft:yellow_bed":2,"minecraft:gunpowder":18,"minecraft:apple":8,"minecraft:iron_ingot":24,"minecraft:cooked_chicken":3,"minecraft:flowering_azalea":11,"minecraft:acacia_sapling":61,"minecraft:book":4,"minecraft:scaffolding":2,"minecraft:oak_slab":17,"minecraft:smooth_basalt":2,"minecraft:dandelion":9,"minecraft:dripstone_block":1,"minecraft:gravel":35,"minecraft:spruce_sapling":27,"minecraft:blast_furnace":6,"minecraft:spruce_log":84,"minecraft:spider_eye":3,"minecraft:iron_helmet":1,"minecraft:cherry_sapling":11,"minecraft:baked_potato":5,"minecraft:melon_seeds":2,"minecraft:damaged_anvil":1,"minecraft:coal":2421},"minecraft:dropped":{"minecraft:iron_sword":1,"minecraft:birch_planks":2,"minecraft:baked_potato":4,"minecraft:glow_ink_sac":27,"minecraft:loom":2,"minecraft:glass_bottle":3,"minecraft:diamond":13,"minecraft:crafting_table":4,"minecraft:decorated_pot":1,"minecraft:iron_horse_armor":2,"minecraft:flint":11,"minecraft:emerald":128,"minecraft:dirt":2,"minecraft:axolotl_bucket":1,"minecraft:iron_pickaxe":1,"minecraft:bone":78,"minecraft:oak_door":1,"minecraft:gravel":1,"minecraft:white_tulip":1,"minecraft:stone_axe":1,"minecraft:cobbled_deepslate":4,"minecraft:wheat":2,"minecraft:birch_sapling":9,"minecraft:rotten_flesh":61,"minecraft:oak_planks":3,"minecraft:honey_bottle":1,"minecraft:carrot":1,"minecraft:chainmail_chestplate":12,"minecraft:tipped_arrow":12,"minecraft:gunpowder":8,"minecraft:melon_seeds":2,"minecraft:acacia_sapling":23,"minecraft:chiseled_tuff":1,"minecraft:enchanted_book":1,"minecraft:iron_ingot":25,"minecraft:wheat_seeds":2,"minecraft:mossy_cobblestone":45,"minecraft:golden_horse_armor":1,"minecraft:iron_helmet":1,"minecraft:cobblestone":6,"minecraft:tropical_fish":1,"minecraft:acacia_log":27,"minecraft:coal":2,"minecraft:golden_apple":1,"minecraft:stick":2,"minecraft:torch":5,"minecraft:potion":2,"minecraft:iron_leggings":1,"minecraft:iron_axe":2,"minecraft:string":16,"minecraft:spruce_sapling":3,"minecraft:redstone":1,"minecraft:smooth_basalt":2,"minecraft:tuff_bricks":1,"minecraft:raw_iron":52,"minecraft:clay_ball":8,"minecraft:iron_boots":13,"minecraft:stone_slab":1,"minecraft:shield":1,"minecraft:trial_key":2,"minecraft:spruce_planks":1,"minecraft:iron_chestplate":1,"minecraft:diamond_pickaxe":3,"minecraft:andesite":29,"minecraft:spider_eye":3,"minecraft:bow":5,"minecraft:stone_pickaxe":1,"minecraft:wooden_pickaxe":1,"minecraft:magma_block":10,"minecraft:brick":4},"minecraft:custom":{"minecraft:interact_with_crafting_table":97,"minecraft:open_barrel":33,"minecraft:bell_ring":27,"minecraft:leave_game":3,"minecraft:time_since_death":551748,"minecraft:sprint_one_cm":1280033,"minecraft:damage_blocked_by_shield":1767,"minecraft:drop":155,"minecraft:play_noteblock":1,"minecraft:talked_to_villager":186,"minecraft:play_time":551748,"minecraft:jump":9647,"minecraft:walk_on_water_one_cm":66826,"minecraft:enchant_item":10,"minecraft:interact_with_furnace":81,"minecraft:traded_with_villager":411,"minecraft:sleep_in_bed":20,"minecraft:damage_dealt":33421,"minecraft:player_kills":1,"minecraft:crouch_one_cm":65263,"minecraft:interact_with_smoker":9,"minecraft:interact_with_smithing_table":2,"minecraft:interact_with_anvil":9,"minecraft:mob_kills":232,"minecraft:climb_one_cm":32054,"minecraft:walk_one_cm":1326811,"minecraft:sneak_time":24526,"minecraft:walk_under_water_one_cm":22731,"minecraft:boat_one_cm":62717,"minecraft:interact_with_blast_furnace":32,"minecraft:total_world_time":551748,"minecraft:interact_with_grindstone":9,"minecraft:time_since_rest":58372,"minecraft:damage_taken":3851,"minecraft:damage_absorbed":270,"minecraft:swim_one_cm":66902,"minecraft:fly_one_cm":1985410,"minecraft:open_chest":152,"minecraft:fall_one_cm":282038},"minecraft:used":{"minecraft:moss_block":4,"minecraft:chest":13,"minecraft:shield":54,"minecraft:stone":1,"minecraft:player_head":3,"minecraft:acacia_sapling":14,"minecraft:tuff":40,"minecraft:azure_bluet":3,"minecraft:honey_bottle":4,"minecraft:lava_bucket":1,"minecraft:lantern":1,"minecraft:birch_sapling":38,"minecraft:iron_helmet":1,"minecraft:birch_trapdoor":6,"minecraft:bow":108,"minecraft:scaffolding":2,"minecraft:oak_sapling":35,"minecraft:furnace":10,"minecraft:egg":2,"minecraft:diamond_boots":1,"minecraft:acacia_trapdoor":2,"minecraft:stone_pickaxe":38,"minecraft:oak_planks":17,"minecraft:blackstone":20,"minecraft:wooden_pickaxe":6,"minecraft:composter":3,"minecraft:sugar_cane":37,"minecraft:diamond_axe":321,"minecraft:golden_apple":9,"minecraft:blast_furnace":9,"minecraft:lingering_potion":1,"minecraft:dripstone_block":1,"minecraft:lectern":24,"minecraft:oak_pressure_plate":1,"minecraft:gravel":25,"minecraft:diamond_sword":396,"minecraft:grindstone":3,"minecraft:smithing_table":3,"minecraft:andesite":217,"minecraft:oak_boat":3,"minecraft:bone_meal":6,"minecraft:experience_bottle":4,"minecraft:oak_fence":1,"minecraft:enchanting_table":1,"minecraft:white_tulip":2,"minecraft:cooked_chicken":3,"minecraft:trial_key":7,"minecraft:oak_door":3,"minecraft:torch":18,"minecraft:dirt":6,"minecraft:anvil":1,"minecraft:diamond_helmet":2,"minecraft:dark_oak_planks":1,"minecraft:bookshelf":20,"minecraft:iron_axe":61,"minecraft:oak_stairs":5,"minecraft:spruce_button":1,"minecraft:iron_boots":1,"minecraft:diamond_chestplate":4,"minecraft:golden_carrot":3,"minecraft:cooked_beef":65,"minecraft:cobbled_deepslate":328,"minecraft:iron_leggings":1,"minecraft:pointed_dripstone":1,"minecraft:water_bucket":62,"minecraft:birch_planks":22,"minecraft:baked_potato":1,"minecraft:spruce_sign":3,"minecraft:fletching_table":1,"minecraft:oak_slab":21,"minecraft:crafting_table":26,"minecraft:white_bed":1,"minecraft:smoker":2,"minecraft:oak_log":14,"minecraft:cornflower":2,"minecraft:diamond_pickaxe":4114,"minecraft:oxeye_daisy":1,"minecraft:wind_charge":1,"minecraft:iron_pickaxe":378,"minecraft:stone_slab":11,"minecraft:spruce_trapdoor":4,"minecraft:stone_axe":10,"minecraft:cobblestone":549,"minecraft:potion":1,"minecraft:bucket":64,"minecraft:yellow_bed":2,"minecraft:dandelion":9,"minecraft:diamond_leggings":2},"minecraft:crafted":{"minecraft:grindstone":2,"minecraft:smooth_stone":16,"minecraft:oak_planks":768,"minecraft:birch_slab":6,"minecraft:stone":21,"minecraft:diamond_shovel":1,"minecraft:bookshelf":19,"minecraft:diamond_helmet":1,"minecraft:bow":1,"minecraft:diamond_leggings":2,"minecraft:iron_boots":13,"minecraft:chest":11,"minecraft:raw_iron_block":22,"minecraft:smoker":1,"minecraft:oak_slab":12,"minecraft:emerald":357,"minecraft:diamond_axe":1,"minecraft:crafting_table":7,"minecraft:spruce_planks":136,"minecraft:wooden_pickaxe":1,"minecraft:iron_helmet":1,"minecraft:chainmail_chestplate":12,"minecraft:smithing_table":1,"minecraft:fletching_table":1,"minecraft:birch_planks":608,"minecraft:spruce_trapdoor":4,"minecraft:lectern":2,"minecraft:book":17,"minecraft:paper":93,"minecraft:diamond_pickaxe":1,"minecraft:shield":1,"minecraft:stick":4097,"minecraft:stone_slab":6,"minecraft:iron_ingot":361,"minecraft:iron_pickaxe":3,"minecraft:gold_ingot":130,"minecraft:cherry_planks":8,"minecraft:raw_iron":207,"minecraft:coal":1377,"minecraft:spruce_button":1,"minecraft:furnace":6,"minecraft:blast_furnace":3,"minecraft:bone_meal":9,"minecraft:diamond_block":10,"minecraft:iron_axe":1,"minecraft:stone_pickaxe":1,"minecraft:diamond_boots":2,"minecraft:dark_oak_planks":4,"minecraft:cooked_beef":64,"minecraft:coal_block":153,"minecraft:diamond_sword":2,"minecraft:spruce_sign":3,"minecraft:enchanting_table":1,"minecraft:iron_sword":2,"minecraft:acacia_trapdoor":2,"minecraft:bucket":2,"minecraft:stone_axe":12,"minecraft:enchanted_book":1,"minecraft:air":0,"minecraft:oak_boat":1,"minecraft:golden_apple":20,"minecraft:raw_gold":9,"minecraft:birch_trapdoor":6,"minecraft:iron_leggings":1,"minecraft:anvil":1,"minecraft:white_bed":1,"minecraft:acacia_planks":812,"minecraft:torch":44,"minecraft:lapis_block":36,"minecraft:diamond_chestplate":2},"minecraft:mined":{"minecraft:dark_oak_planks":1,"minecraft:spruce_planks":14,"minecraft:cherry_log":1,"minecraft:obsidian":4,"minecraft:acacia_log":27,"minecraft:deepslate_tile_wall":1,"minecraft:grass_block":5,"minecraft:oak_pressure_plate":1,"minecraft:deepslate_bricks":2,"minecraft:composter":5,"minecraft:tuff_bricks":1,"minecraft:magma_block":81,"minecraft:iron_ore":167,"minecraft:cobbled_deepslate":97,"minecraft:polished_tuff":1,"minecraft:deepslate_lapis_ore":38,"minecraft:azure_bluet":3,"minecraft:pointed_dripstone":4,"minecraft:water_cauldron":3,"minecraft:oak_stairs":6,"minecraft:azalea_leaves":2,"minecraft:iron_block":4,"minecraft:deepslate_redstone_ore":9,"minecraft:blackstone":37,"minecraft:smoker":1,"minecraft:clay":1,"minecraft:torch":3,"minecraft:note_block":1,"minecraft:blast_furnace":6,"minecraft:calcite":2,"minecraft:chest":4,"minecraft:cobblestone":210,"minecraft:grindstone":1,"minecraft:sugar_cane":94,"minecraft:oak_planks":17,"minecraft:damaged_anvil":1,"minecraft:wall_torch":7,"minecraft:amethyst_block":5,"minecraft:deepslate_copper_ore":3,"minecraft:birch_log":26,"minecraft:wheat":1,"minecraft:waxed_copper_block":2,"minecraft:tnt":1,"minecraft:oak_log":54,"minecraft:waxed_oxidized_copper":1,"minecraft:loom":2,"minecraft:dirt":11,"minecraft:smooth_basalt":7,"minecraft:oak_leaves":1,"minecraft:deepslate":954,"minecraft:diamond_ore":7,"minecraft:tuff":139,"minecraft:mossy_cobblestone":47,"minecraft:deepslate_diamond_ore":110,"minecraft:oak_door":8,"minecraft:dark_oak_log":1,"minecraft:glow_lichen":2,"minecraft:decorated_pot":19,"minecraft:spruce_leaves":2,"minecraft:moss_block":3,"minecraft:large_fern":1,"minecraft:vault":1,"minecraft:redstone_ore":3,"minecraft:furnace":8,"minecraft:andesite":356,"minecraft:gold_block":1,"minecraft:chiseled_tuff":1,"minecraft:polished_deepslate":2,"minecraft:bookshelf":1,"minecraft:deepslate_iron_ore":90,"minecraft:vine":4,"minecraft:rail":5,"minecraft:stone":816,"minecraft:white_tulip":1,"minecraft:smithing_table":2,"minecraft:oak_slab":16,"minecraft:acacia_leaves":1,"minecraft:scaffolding":1,"minecraft:dandelion":9,"minecraft:oak_fence":1,"minecraft:crafting_table":23,"minecraft:cornflower":2,"minecraft:short_grass":27,"minecraft:lectern":23,"minecraft:stone_slab":15,"minecraft:tall_grass":12,"minecraft:deepslate_gold_ore":54,"minecraft:lapis_ore":9,"minecraft:birch_planks":23,"minecraft:spruce_log":16,"minecraft:yellow_bed":2,"minecraft:coal_ore":1176,"minecraft:gravel":29,"minecraft:dripstone_block":3,"minecraft:cobweb":3,"minecraft:gold_ore":2,"minecraft:fern":2},"minecraft:killed":{"minecraft:witch":1,"minecraft:spider":8,"minecraft:skeleton":56,"minecraft:zombie_villager":1,"minecraft:creeper":13,"minecraft:sheep":5,"minecraft:zombie":88,"minecraft:glow_squid":1,"minecraft:cow":35,"minecraft:vindicator":1,"minecraft:husk":13,"minecraft:breeze":1}},"DataVersion":3955}