{"stats":{"minecraft:killed":{"minecraft:witch":1,"minecraft:spider":2,"minecraft:iron_golem":2,"minecraft:zombie":3,"minecraft:breeze":1,"minecraft:drowned":1,"minecraft:cow":2},"minecraft:dropped":{"minecraft:water_bucket":1,"minecraft:iron_ingot":13,"minecraft:bread":25,"minecraft:iron_sword":1,"minecraft:kelp":10,"minecraft:wheat_seeds":11,"minecraft:cooked_chicken":1,"minecraft:oak_log":2,"minecraft:wheat":2,"minecraft:rotten_flesh":66,"minecraft:white_bed":1,"minecraft:pumpkin_seeds":28,"minecraft:filled_map":1,"minecraft:gunpowder":1,"minecraft:wooden_axe":2,"minecraft:breeze_rod":3,"minecraft:carved_pumpkin":2,"minecraft:spider_eye":2,"minecraft:sandstone":2,"minecraft:sand":1,"minecraft:wooden_pickaxe":1,"minecraft:sugar":2,"minecraft:redstone":8},"minecraft:crafted":{"minecraft:oak_planks":20,"minecraft:crafting_table":2,"minecraft:spruce_planks":28,"minecraft:wooden_pickaxe":1,"minecraft:iron_helmet":1,"minecraft:spruce_door":3,"minecraft:bucket":1,"minecraft:stone_axe":2,"minecraft:bread":73,"minecraft:air":0,"minecraft:iron_chestplate":1,"minecraft:iron_boots":1,"minecraft:oak_button":1,"minecraft:stick":8,"minecraft:iron_ingot":16,"minecraft:iron_pickaxe":1,"minecraft:stone_pickaxe":1,"minecraft:iron_leggings":1,"minecraft:spruce_boat":1,"minecraft:torch":8,"minecraft:wheat":207},"minecraft:custom":{"minecraft:mob_kills":12,"minecraft:interact_with_crafting_table":19,"minecraft:bell_ring":5,"minecraft:leave_game":1,"minecraft:time_since_death":34979,"minecraft:sleep_in_bed":1,"minecraft:climb_one_cm":999,"minecraft:time_since_rest":35003,"minecraft:sprint_one_cm":324495,"minecraft:damage_taken":10627,"minecraft:walk_one_cm":253051,"minecraft:drop":38,"minecraft:damage_dealt":4050,"minecraft:swim_one_cm":20680,"minecraft:talked_to_villager":5,"minecraft:fly_one_cm":474439,"minecraft:open_chest":7,"minecraft:deaths":8,"minecraft:crouch_one_cm":5089,"minecraft:play_time":139010,"minecraft:sneak_time":4384,"minecraft:walk_under_water_one_cm":7553,"minecraft:jump":2118,"minecraft:interact_with_blast_furnace":25,"minecraft:walk_on_water_one_cm":13228,"minecraft:total_world_time":139010,"minecraft:fall_one_cm":142619},"minecraft:used":{"minecraft:wheat_seeds":32,"minecraft:water_bucket":17,"minecraft:spruce_door":3,"minecraft:stone_pickaxe":90,"minecraft:oak_planks":2,"minecraft:poppy":2,"minecraft:spruce_planks":26,"minecraft:wooden_pickaxe":10,"minecraft:iron_chestplate":1,"minecraft:torch":11,"minecraft:dirt":3,"minecraft:crafting_table":9,"minecraft:blast_furnace":3,"minecraft:spruce_boat":1,"minecraft:wooden_axe":2,"minecraft:bread":24,"minecraft:oak_button":1,"minecraft:iron_helmet":1,"minecraft:iron_boots":1,"minecraft:gravel":1,"minecraft:spruce_sapling":2,"minecraft:stone_axe":80,"minecraft:cobblestone":28,"minecraft:oak_sapling":1,"minecraft:cooked_porkchop":2,"minecraft:bucket":18,"minecraft:iron_leggings":1},"minecraft:mined":{"minecraft:spruce_planks":8,"minecraft:glass_pane":2,"minecraft:kelp_plant":1,"minecraft:player_wall_head":1,"minecraft:carved_pumpkin":1,"minecraft:crafting_table":10,"minecraft:torch":3,"minecraft:short_grass":4,"minecraft:blast_furnace":4,"minecraft:cobblestone":1,"minecraft:tall_grass":2,"minecraft:kelp":2,"minecraft:wall_torch":1,"minecraft:sandstone":9,"minecraft:large_fern":1,"minecraft:hay_block":51,"minecraft:carrots":19,"minecraft:iron_ore":12,"minecraft:wheat":17,"minecraft:pumpkin":20,"minecraft:oak_log":5,"minecraft:potatoes":5,"minecraft:coal_ore":31,"minecraft:dirt":4,"minecraft:gravel":2,"minecraft:sand":2,"minecraft:stone":40,"minecraft:fern":1},"minecraft:picked_up":{"minecraft:wooden_axe":2,"minecraft:iron_chestplate":1,"minecraft:crafting_table":11,"minecraft:wheat":14,"minecraft:water_bucket":1,"minecraft:leather":6,"minecraft:potato":13,"minecraft:filled_map":2,"minecraft:potion":1,"minecraft:oak_log":7,"minecraft:gunpowder":1,"minecraft:dirt":3,"minecraft:iron_leggings":1,"minecraft:kelp":10,"minecraft:wheat_seeds":43,"minecraft:bucket":1,"minecraft:heart_of_the_sea":2,"minecraft:spruce_planks":22,"minecraft:iron_ingot":12,"minecraft:beef":4,"minecraft:stone_pickaxe":1,"minecraft:cooked_chicken":1,"minecraft:player_head":1,"minecraft:iron_pickaxe":1,"minecraft:poppy":2,"minecraft:oak_planks":4,"minecraft:iron_sword":1,"minecraft:iron_boots":1,"minecraft:stick":2,"minecraft:raw_iron":24,"minecraft:sandstone":2,"minecraft:cooked_porkchop":2,"minecraft:pumpkin":40,"minecraft:torch":14,"minecraft:gravel":1,"minecraft:sand":1,"minecraft:spruce_sapling":2,"minecraft:white_bed":1,"minecraft:blast_furnace":5,"minecraft:spruce_log":7,"minecraft:carrot":58,"minecraft:redstone":8,"minecraft:spider_eye":2,"minecraft:pumpkin_seeds":28,"minecraft:rotten_flesh":2,"minecraft:sugar":2,"minecraft:stone_axe":2,"minecraft:spruce_boat":2,"minecraft:iron_helmet":1,"minecraft:hay_block":81,"minecraft:breeze_rod":3,"minecraft:carved_pumpkin":3,"minecraft:emerald":6,"minecraft:gold_ingot":6,"minecraft:bread":53,"minecraft:oak_sapling":2,"minecraft:coal":44,"minecraft:cobblestone":64}},"DataVersion":3955}