{"stats":{"minecraft:dropped":{"minecraft:gravel":1,"minecraft:dirt":45,"minecraft:rotten_flesh":2,"minecraft:cobblestone":122,"minecraft:spider_eye":1,"minecraft:string":1,"minecraft:coal":8},"minecraft:killed":{"minecraft:zombie":1,"minecraft:allay":50,"minecraft:silverfish":2,"minecraft:spider":1},"minecraft:used":{"minecraft:glass":6,"minecraft:water_bucket":4,"minecraft:diamond_pickaxe":181,"minecraft:diamond_shovel":72,"minecraft:armor_stand":1,"minecraft:grass_block":54,"minecraft:diamond_axe":1,"minecraft:basalt":37,"minecraft:diamond_sword":44,"minecraft:dirt":2,"minecraft:bucket":2,"minecraft:sponge":2,"minecraft:cooked_beef":5,"minecraft:allay_spawn_egg":69,"minecraft:jukebox":1},"minecraft:picked_up":{"minecraft:basalt":46,"minecraft:jukebox":1,"minecraft:gravel":1,"minecraft:grass_block":58,"minecraft:string":1,"minecraft:music_disc_cat":1,"minecraft:spider_eye":1,"minecraft:dirt":47,"minecraft:armor_stand":1,"minecraft:rotten_flesh":2,"minecraft:player_head":15,"minecraft:coal":8,"minecraft:cobblestone":122},"minecraft:mined":{"minecraft:basalt":47,"minecraft:jukebox":1,"minecraft:short_grass":1,"minecraft:grass_block":30,"minecraft:coal_ore":8,"minecraft:dirt":45,"minecraft:glass":2,"minecraft:stone":124},"minecraft:crafted":{"minecraft:bucket":1},"minecraft:custom":{"minecraft:time_since_rest":78650,"minecraft:interact_with_smithing_table":1,"minecraft:sprint_one_cm":48007,"minecraft:damage_taken":120,"minecraft:walk_one_cm":45072,"minecraft:mob_kills":54,"minecraft:interact_with_anvil":1,"minecraft:drop":8,"minecraft:damage_dealt":2905,"minecraft:play_record":1,"minecraft:interact_with_crafting_table":1,"minecraft:fly_one_cm":75373,"minecraft:play_time":78650,"minecraft:open_chest":17,"minecraft:crouch_one_cm":4248,"minecraft:sneak_time":1212,"minecraft:walk_under_water_one_cm":143,"minecraft:jump":352,"minecraft:leave_game":10,"minecraft:time_since_death":78650,"minecraft:walk_on_water_one_cm":145,"minecraft:total_world_time":78650,"minecraft:fall_one_cm":11042,"minecraft:inspect_dispenser":2}},"DataVersion":3955}