{"stats":{"minecraft:mined":{"minecraft:large_amethyst_bud":2,"minecraft:tuff":21,"minecraft:deepslate_diamond_ore":20,"minecraft:carved_pumpkin":1,"minecraft:budding_amethyst":3,"minecraft:grass_block":11,"minecraft:decorated_pot":21,"minecraft:tuff_bricks":3,"minecraft:furnace":2,"minecraft:iron_ore":25,"minecraft:cobbled_deepslate":3,"minecraft:polished_tuff":1,"minecraft:andesite":56,"minecraft:pumpkin":22,"minecraft:deepslate_lapis_ore":9,"minecraft:deepslate_iron_ore":19,"minecraft:small_amethyst_bud":3,"minecraft:oak_stairs":3,"minecraft:stone":158,"minecraft:white_tulip":4,"minecraft:green_bed":3,"minecraft:deepslate_redstone_ore":2,"minecraft:medium_amethyst_bud":1,"minecraft:amethyst_cluster":5,"minecraft:clay":1,"minecraft:crafting_table":5,"minecraft:torch":4,"minecraft:short_grass":5,"minecraft:calcite":73,"minecraft:cobblestone":11,"minecraft:deepslate_gold_ore":22,"minecraft:wall_torch":2,"minecraft:amethyst_block":34,"minecraft:coarse_dirt":6,"minecraft:birch_log":5,"minecraft:spruce_log":1,"minecraft:oak_log":10,"minecraft:coal_ore":112,"minecraft:gravel":8,"minecraft:dirt":16,"minecraft:cobweb":1,"minecraft:smooth_basalt":3,"minecraft:deepslate":91},"minecraft:killed":{"minecraft:spider":3,"minecraft:skeleton":47,"minecraft:chicken":1,"minecraft:husk":15,"minecraft:zombie_villager":1,"minecraft:creeper":4,"minecraft:zombie":36,"minecraft:breeze":5},"minecraft:crafted":{"minecraft:oak_planks":36,"minecraft:furnace":1,"minecraft:diamond_shovel":1,"minecraft:diamond_helmet":1,"minecraft:diamond_leggings":1,"minecraft:iron_boots":1,"minecraft:iron_axe":1,"minecraft:stone_pickaxe":1,"minecraft:chest":1,"minecraft:diamond_boots":1,"minecraft:diamond_sword":1,"minecraft:diamond_axe":1,"minecraft:crafting_table":1,"minecraft:wooden_pickaxe":1,"minecraft:iron_helmet":1,"minecraft:iron_sword":1,"minecraft:raw_gold_block":3,"minecraft:bucket":1,"minecraft:birch_planks":20,"minecraft:stone_axe":2,"minecraft:air":0,"minecraft:iron_chestplate":1,"minecraft:diamond_pickaxe":1,"minecraft:emerald_block":2,"minecraft:shield":1,"minecraft:stick":24,"minecraft:iron_ingot":56,"minecraft:iron_pickaxe":1,"minecraft:iron_block":3,"minecraft:anvil":1,"minecraft:diamond_chestplate":1},"minecraft:custom":{"minecraft:interact_with_anvil":1,"minecraft:mob_kills":115,"minecraft:interact_with_crafting_table":23,"minecraft:open_barrel":12,"minecraft:bell_ring":16,"minecraft:leave_game":9,"minecraft:time_since_death":153513,"minecraft:climb_one_cm":10691,"minecraft:sprint_one_cm":559405,"minecraft:walk_one_cm":409838,"minecraft:damage_blocked_by_shield":100,"minecraft:drop":93,"minecraft:talked_to_villager":15,"minecraft:play_time":312031,"minecraft:sneak_time":10302,"minecraft:deaths":6,"minecraft:walk_under_water_one_cm":16210,"minecraft:jump":3577,"minecraft:interact_with_blast_furnace":1,"minecraft:enchant_item":24,"minecraft:walk_on_water_one_cm":22999,"minecraft:total_world_time":312031,"minecraft:interact_with_furnace":37,"minecraft:interact_with_stonecutter":1,"minecraft:interact_with_grindstone":24,"minecraft:sleep_in_bed":3,"minecraft:time_since_rest":17635,"minecraft:damage_taken":13019,"minecraft:damage_dealt":21790,"minecraft:swim_one_cm":26289,"minecraft:fly_one_cm":809174,"minecraft:open_chest":37,"minecraft:crouch_one_cm":25823,"minecraft:interact_with_smoker":1,"minecraft:fall_one_cm":203736,"minecraft:inspect_dispenser":7},"minecraft:picked_up":{"minecraft:crafting_table":7,"minecraft:coarse_dirt":5,"minecraft:ominous_bottle":1,"minecraft:chicken":1,"minecraft:flower_pot":2,"minecraft:clay_ball":4,"minecraft:oak_stairs":4,"minecraft:potion":2,"minecraft:enchanted_book":2,"minecraft:shield":2,"minecraft:brick":8,"minecraft:amethyst_block":34,"minecraft:wind_charge":8,"minecraft:string":10,"minecraft:iron_axe":1,"minecraft:cobbled_deepslate":89,"minecraft:bucket":1,"minecraft:spruce_planks":5,"minecraft:beef":3,"minecraft:trial_key":9,"minecraft:white_tulip":5,"minecraft:player_head":1,"minecraft:calcite":65,"minecraft:iron_pickaxe":1,"minecraft:lectern":1,"minecraft:birch_sapling":1,"minecraft:iron_boots":1,"minecraft:furnace":2,"minecraft:tipped_arrow":9,"minecraft:stick":1,"minecraft:raw_iron":60,"minecraft:green_bed":3,"minecraft:carrot":1,"minecraft:redstone":12,"minecraft:arrow":88,"minecraft:honey_bottle":3,"minecraft:rotten_flesh":114,"minecraft:tropical_fish":1,"minecraft:decorated_pot":18,"minecraft:carved_pumpkin":1,"minecraft:tuff_bricks":3,"minecraft:glow_berries":1,"minecraft:cobblestone":169,"minecraft:birch_log":5,"minecraft:feather":2,"minecraft:glow_ink_sac":2,"minecraft:water_bucket":3,"minecraft:andesite":23,"minecraft:birch_planks":1,"minecraft:flint":1,"minecraft:tuff":23,"minecraft:oak_log":20,"minecraft:gunpowder":5,"minecraft:lapis_lazuli":111,"minecraft:dirt":16,"minecraft:bone":42,"minecraft:bow":9,"minecraft:wheat_seeds":7,"minecraft:raw_gold":21,"minecraft:iron_ingot":21,"minecraft:cooked_chicken":1,"minecraft:smooth_basalt":1,"minecraft:emerald_block":1,"minecraft:pumpkin":22,"minecraft:axolotl_bucket":1,"minecraft:oak_pressure_plate":1,"minecraft:gravel":12,"minecraft:amethyst_shard":40,"minecraft:ink_sac":2,"minecraft:dead_bush":1,"minecraft:spider_eye":2,"minecraft:polished_tuff":1,"minecraft:pumpkin_seeds":4,"minecraft:diamond":33,"minecraft:iron_helmet":1,"minecraft:breeze_rod":5,"minecraft:golden_apple":2,"minecraft:bread":5,"minecraft:emerald":24,"minecraft:baked_potato":2,"minecraft:coal":258,"minecraft:diamond_pickaxe":1},"minecraft:killed_by":{"minecraft:player":1},"minecraft:dropped":{"minecraft:water_bucket":1,"minecraft:wheat_seeds":7,"minecraft:lapis_lazuli":1,"minecraft:oak_pressure_plate":1,"minecraft:cooked_beef":1,"minecraft:bookshelf":2,"minecraft:decorated_pot":16,"minecraft:iron_helmet":1,"minecraft:feather":2,"minecraft:cobblestone":37,"minecraft:book":1,"minecraft:polished_tuff":1,"minecraft:tropical_fish":1,"minecraft:flint":1,"minecraft:emerald":5,"minecraft:stick":3,"minecraft:oxeye_daisy":1,"minecraft:dirt":13,"minecraft:ink_sac":2,"minecraft:dead_bush":1,"minecraft:axolotl_bucket":1,"minecraft:iron_axe":1,"minecraft:iron_pickaxe":1,"minecraft:string":10,"minecraft:bucket":2,"minecraft:smooth_basalt":1,"minecraft:bone":32,"minecraft:gravel":5,"minecraft:white_tulip":1,"minecraft:stone_axe":1,"minecraft:tuff_bricks":3,"minecraft:coarse_dirt":4,"minecraft:cobbled_deepslate":16,"minecraft:raw_iron":10,"minecraft:rotten_flesh":106,"minecraft:clay_ball":4,"minecraft:iron_boots":1,"minecraft:pumpkin_seeds":4,"minecraft:carrot":1,"minecraft:leather_chestplate":1,"minecraft:tipped_arrow":9,"minecraft:flower_pot":1,"minecraft:spruce_planks":5,"minecraft:diamond_pickaxe":1,"minecraft:iron_chestplate":1,"minecraft:andesite":15,"minecraft:lingering_potion":2,"minecraft:spider_eye":2,"minecraft:arrow":14,"minecraft:bow":8,"minecraft:wooden_pickaxe":1,"minecraft:stone_pickaxe":1,"minecraft:beef":3,"minecraft:raw_gold":8,"minecraft:calcite":1,"minecraft:brick":8},"minecraft:used":{"minecraft:white_tulip":3,"minecraft:decorated_pot":2,"minecraft:chest":1,"minecraft:shield":6,"minecraft:iron_sword":249,"minecraft:player_head":1,"minecraft:trial_key":8,"minecraft:dirt":3,"minecraft:anvil":1,"minecraft:tuff":14,"minecraft:lava_bucket":2,"minecraft:iron_axe":120,"minecraft:oak_stairs":4,"minecraft:birch_sapling":1,"minecraft:bow":13,"minecraft:furnace":3,"minecraft:cooked_beef":53,"minecraft:cobbled_deepslate":13,"minecraft:pumpkin":10,"minecraft:water_bucket":99,"minecraft:amethyst_block":11,"minecraft:birch_planks":1,"minecraft:stone_pickaxe":80,"minecraft:wooden_pickaxe":12,"minecraft:composter":1,"minecraft:green_bed":3,"minecraft:crafting_table":8,"minecraft:lingering_potion":1,"minecraft:oak_log":11,"minecraft:flower_pot":1,"minecraft:diamond_pickaxe":481,"minecraft:wind_charge":8,"minecraft:iron_pickaxe":162,"minecraft:lectern":1,"minecraft:gravel":7,"minecraft:stone_axe":80,"minecraft:cobblestone":35,"minecraft:andesite":8,"minecraft:bucket":103,"minecraft:tropical_fish_bucket":2,"minecraft:coarse_dirt":1},"minecraft:broken":{"minecraft:stone_axe":1,"minecraft:iron_sword":1}},"DataVersion":3955}