{"stats":{"minecraft:mined":{"minecraft:large_amethyst_bud":2,"minecraft:tuff":21,"minecraft:deepslate_diamond_ore":20,"minecraft:cobblestone_stairs":1,"minecraft:dark_oak_log":77,"minecraft:spruce_trapdoor":18,"minecraft:carved_pumpkin":1,"minecraft:glow_lichen":2,"minecraft:budding_amethyst":3,"minecraft:allium":3,"minecraft:grass_block":29,"minecraft:decorated_pot":21,"minecraft:tuff_bricks":3,"minecraft:large_fern":7,"minecraft:furnace":8,"minecraft:iron_ore":27,"minecraft:cobbled_deepslate":3,"minecraft:polished_tuff":1,"minecraft:andesite":68,"minecraft:pumpkin":22,"minecraft:deepslate_lapis_ore":9,"minecraft:deepslate_iron_ore":19,"minecraft:small_amethyst_bud":3,"minecraft:oak_stairs":3,"minecraft:white_tulip":4,"minecraft:stone":1147,"minecraft:spruce_slab":1,"minecraft:green_bed":3,"minecraft:deepslate_redstone_ore":2,"minecraft:medium_amethyst_bud":1,"minecraft:amethyst_cluster":5,"minecraft:clay":1,"minecraft:crafting_table":5,"minecraft:torch":4,"minecraft:short_grass":43,"minecraft:calcite":73,"minecraft:chest":1,"minecraft:stone_slab":16,"minecraft:tall_grass":7,"minecraft:cobblestone":15,"minecraft:deepslate_gold_ore":22,"minecraft:wall_torch":2,"minecraft:amethyst_block":34,"minecraft:spruce_stairs":5,"minecraft:coarse_dirt":6,"minecraft:cobblestone_wall":1,"minecraft:birch_log":18,"minecraft:spruce_log":8,"minecraft:stone_brick_stairs":14,"minecraft:coal_ore":113,"minecraft:oak_log":10,"minecraft:dark_oak_sapling":13,"minecraft:gravel":42,"minecraft:dirt":18,"minecraft:cobweb":1,"minecraft:smooth_basalt":3,"minecraft:stone_bricks":6,"minecraft:deepslate":91,"minecraft:fern":5},"minecraft:killed":{"minecraft:spider":3,"minecraft:skeleton":47,"minecraft:chicken":1,"minecraft:husk":15,"minecraft:zombie_villager":1,"minecraft:creeper":5,"minecraft:zombie":41,"minecraft:breeze":5},"minecraft:crafted":{"minecraft:oak_planks":36,"minecraft:furnace":9,"minecraft:cobblestone_stairs":24,"minecraft:stone":909,"minecraft:diamond_shovel":1,"minecraft:spruce_fence":3,"minecraft:spruce_stairs":44,"minecraft:diamond_helmet":1,"minecraft:diamond_leggings":1,"minecraft:iron_boots":1,"minecraft:iron_axe":1,"minecraft:spruce_slab":264,"minecraft:stone_pickaxe":1,"minecraft:chest":7,"minecraft:diamond_boots":1,"minecraft:dark_oak_planks":20,"minecraft:coal_block":14,"minecraft:diamond_sword":1,"minecraft:diamond_axe":1,"minecraft:crafting_table":2,"minecraft:spruce_planks":376,"minecraft:wooden_pickaxe":1,"minecraft:iron_helmet":1,"minecraft:iron_sword":1,"minecraft:raw_gold_block":3,"minecraft:spruce_door":3,"minecraft:bucket":1,"minecraft:birch_planks":20,"minecraft:stone_axe":2,"minecraft:air":0,"minecraft:spruce_trapdoor":24,"minecraft:iron_chestplate":1,"minecraft:diamond_pickaxe":1,"minecraft:emerald_block":2,"minecraft:shield":1,"minecraft:stick":40,"minecraft:iron_ingot":56,"minecraft:iron_pickaxe":1,"minecraft:iron_block":3,"minecraft:anvil":1,"minecraft:torch":48,"minecraft:diamond_chestplate":1},"minecraft:custom":{"minecraft:interact_with_anvil":1,"minecraft:mob_kills":122,"minecraft:interact_with_crafting_table":41,"minecraft:open_barrel":12,"minecraft:bell_ring":16,"minecraft:leave_game":10,"minecraft:time_since_death":317632,"minecraft:climb_one_cm":19315,"minecraft:sprint_one_cm":931777,"minecraft:walk_one_cm":733184,"minecraft:damage_blocked_by_shield":100,"minecraft:drop":137,"minecraft:talked_to_villager":15,"minecraft:play_time":476150,"minecraft:sneak_time":13746,"minecraft:deaths":6,"minecraft:walk_under_water_one_cm":17600,"minecraft:jump":5188,"minecraft:interact_with_blast_furnace":1,"minecraft:enchant_item":24,"minecraft:walk_on_water_one_cm":28547,"minecraft:total_world_time":476150,"minecraft:interact_with_furnace":91,"minecraft:interact_with_stonecutter":6,"minecraft:interact_with_grindstone":24,"minecraft:sleep_in_bed":3,"minecraft:time_since_rest":181754,"minecraft:damage_taken":13459,"minecraft:damage_dealt":23110,"minecraft:swim_one_cm":34790,"minecraft:fly_one_cm":1179625,"minecraft:open_chest":61,"minecraft:crouch_one_cm":41632,"minecraft:interact_with_smoker":1,"minecraft:fall_one_cm":246975,"minecraft:inspect_dispenser":7},"minecraft:picked_up":{"minecraft:crafting_table":7,"minecraft:coarse_dirt":5,"minecraft:allium":3,"minecraft:ominous_bottle":1,"minecraft:chicken":1,"minecraft:flower_pot":2,"minecraft:clay_ball":4,"minecraft:stone_slab":16,"minecraft:oak_stairs":4,"minecraft:potion":2,"minecraft:enchanted_book":2,"minecraft:stone_brick_stairs":14,"minecraft:shield":2,"minecraft:brick":8,"minecraft:amethyst_block":34,"minecraft:wind_charge":8,"minecraft:string":10,"minecraft:iron_axe":1,"minecraft:cobbled_deepslate":89,"minecraft:bucket":1,"minecraft:spruce_planks":5,"minecraft:beef":3,"minecraft:trial_key":9,"minecraft:white_tulip":5,"minecraft:player_head":1,"minecraft:calcite":65,"minecraft:spruce_slab":1,"minecraft:chest":1,"minecraft:iron_pickaxe":1,"minecraft:lectern":1,"minecraft:coal_block":1,"minecraft:birch_sapling":7,"minecraft:spruce_trapdoor":17,"minecraft:iron_boots":1,"minecraft:furnace":8,"minecraft:tipped_arrow":9,"minecraft:dark_oak_sapling":258,"minecraft:stick":164,"minecraft:raw_iron":62,"minecraft:spruce_stairs":5,"minecraft:green_bed":3,"minecraft:carrot":1,"minecraft:redstone":12,"minecraft:dark_oak_planks":8,"minecraft:arrow":88,"minecraft:honey_bottle":3,"minecraft:rotten_flesh":122,"minecraft:tropical_fish":1,"minecraft:decorated_pot":18,"minecraft:carved_pumpkin":1,"minecraft:tuff_bricks":3,"minecraft:glow_berries":1,"minecraft:cobblestone":1158,"minecraft:birch_log":19,"minecraft:feather":2,"minecraft:glow_ink_sac":2,"minecraft:water_bucket":3,"minecraft:andesite":34,"minecraft:red_mushroom":1,"minecraft:birch_planks":1,"minecraft:cobblestone_stairs":1,"minecraft:flint":6,"minecraft:tuff":23,"minecraft:oak_log":20,"minecraft:cobblestone_wall":1,"minecraft:gunpowder":5,"minecraft:lapis_lazuli":111,"minecraft:dirt":35,"minecraft:bone":42,"minecraft:apple":27,"minecraft:stone_bricks":6,"minecraft:bow":9,"minecraft:wheat_seeds":16,"minecraft:raw_gold":21,"minecraft:iron_ingot":21,"minecraft:cooked_chicken":1,"minecraft:smooth_basalt":1,"minecraft:emerald_block":1,"minecraft:pumpkin":22,"minecraft:axolotl_bucket":1,"minecraft:oak_pressure_plate":1,"minecraft:gravel":41,"minecraft:amethyst_shard":40,"minecraft:spruce_sapling":22,"minecraft:ink_sac":6,"minecraft:dead_bush":1,"minecraft:spruce_log":282,"minecraft:dark_oak_log":2026,"minecraft:spider_eye":2,"minecraft:polished_tuff":1,"minecraft:pumpkin_seeds":4,"minecraft:diamond":33,"minecraft:iron_helmet":1,"minecraft:breeze_rod":5,"minecraft:golden_apple":2,"minecraft:bread":5,"minecraft:emerald":24,"minecraft:baked_potato":2,"minecraft:oak_sapling":4,"minecraft:coal":262,"minecraft:diamond_pickaxe":1},"minecraft:killed_by":{"minecraft:player":1},"minecraft:dropped":{"minecraft:water_bucket":1,"minecraft:wheat_seeds":16,"minecraft:lapis_lazuli":1,"minecraft:oak_pressure_plate":1,"minecraft:cooked_beef":1,"minecraft:dark_oak_sapling":129,"minecraft:bookshelf":2,"minecraft:decorated_pot":16,"minecraft:iron_helmet":1,"minecraft:feather":2,"minecraft:cobblestone":39,"minecraft:book":1,"minecraft:polished_tuff":1,"minecraft:spruce_door":1,"minecraft:tropical_fish":1,"minecraft:spruce_stairs":2,"minecraft:coal":2,"minecraft:red_mushroom":1,"minecraft:flint":6,"minecraft:emerald":5,"minecraft:stick":168,"minecraft:oxeye_daisy":1,"minecraft:dirt":13,"minecraft:ink_sac":4,"minecraft:dead_bush":1,"minecraft:axolotl_bucket":1,"minecraft:iron_axe":1,"minecraft:iron_pickaxe":1,"minecraft:dark_oak_planks":12,"minecraft:string":10,"minecraft:birch_log":13,"minecraft:bucket":2,"minecraft:spruce_sapling":22,"minecraft:smooth_basalt":1,"minecraft:bone":32,"minecraft:gravel":19,"minecraft:white_tulip":1,"minecraft:stone_axe":1,"minecraft:tuff_bricks":3,"minecraft:coarse_dirt":4,"minecraft:cobbled_deepslate":16,"minecraft:birch_sapling":4,"minecraft:raw_iron":12,"minecraft:rotten_flesh":108,"minecraft:clay_ball":4,"minecraft:iron_boots":1,"minecraft:stone_slab":16,"minecraft:spruce_fence":1,"minecraft:pumpkin_seeds":4,"minecraft:carrot":1,"minecraft:leather_chestplate":1,"minecraft:tipped_arrow":9,"minecraft:flower_pot":1,"minecraft:allium":3,"minecraft:spruce_planks":5,"minecraft:diamond_pickaxe":1,"minecraft:iron_chestplate":1,"minecraft:andesite":26,"minecraft:lingering_potion":2,"minecraft:oak_sapling":4,"minecraft:spider_eye":2,"minecraft:arrow":14,"minecraft:bow":8,"minecraft:stone_pickaxe":1,"minecraft:beef":3,"minecraft:wooden_pickaxe":1,"minecraft:raw_gold":8,"minecraft:calcite":1,"minecraft:brick":8},"minecraft:used":{"minecraft:white_tulip":3,"minecraft:spruce_slab":52,"minecraft:ladder":5,"minecraft:stone":23,"minecraft:chest":8,"minecraft:iron_sword":249,"minecraft:decorated_pot":2,"minecraft:shield":6,"minecraft:player_head":1,"minecraft:trial_key":8,"minecraft:torch":7,"minecraft:dirt":403,"minecraft:anvil":1,"minecraft:spruce_stairs":54,"minecraft:cobblestone_wall":16,"minecraft:tuff":14,"minecraft:spruce_fence":12,"minecraft:lava_bucket":2,"minecraft:iron_axe":120,"minecraft:oak_stairs":4,"minecraft:birch_sapling":1,"minecraft:stone_brick_stairs":74,"minecraft:stone_bricks":165,"minecraft:bow":13,"minecraft:furnace":17,"minecraft:cooked_beef":66,"minecraft:cobbled_deepslate":13,"minecraft:pumpkin":10,"minecraft:dark_oak_sapling":129,"minecraft:water_bucket":101,"minecraft:amethyst_block":11,"minecraft:cobblestone_stairs":26,"minecraft:spruce_door":2,"minecraft:birch_planks":1,"minecraft:stone_pickaxe":80,"minecraft:cobblestone_slab":2,"minecraft:wooden_pickaxe":12,"minecraft:stonecutter":2,"minecraft:composter":1,"minecraft:diamond_axe":128,"minecraft:green_bed":3,"minecraft:crafting_table":9,"minecraft:lingering_potion":1,"minecraft:oak_log":11,"minecraft:flower_pot":1,"minecraft:diamond_pickaxe":1535,"minecraft:diamond_shovel":49,"minecraft:spruce_trapdoor":82,"minecraft:dark_oak_log":223,"minecraft:wind_charge":8,"minecraft:iron_pickaxe":162,"minecraft:lectern":1,"minecraft:gravel":22,"minecraft:stone_axe":80,"minecraft:diamond_sword":20,"minecraft:cobblestone":137,"minecraft:andesite":8,"minecraft:bucket":105,"minecraft:tropical_fish_bucket":2,"minecraft:coarse_dirt":1},"minecraft:broken":{"minecraft:stone_axe":1,"minecraft:iron_sword":1}},"DataVersion":3955}