{"stats":{"minecraft:broken":{"minecraft:stone_axe":1,"minecraft:iron_sword":1},"minecraft:dropped":{"minecraft:lapis_lazuli":59,"minecraft:oak_pressure_plate":1,"minecraft:cooked_beef":1,"minecraft:diamond":15,"minecraft:dark_oak_sapling":129,"minecraft:decorated_pot":16,"minecraft:red_mushroom":1,"minecraft:flint":6,"minecraft:emerald":6,"minecraft:cobblestone_stairs":64,"minecraft:dirt":15,"minecraft:dark_oak_log":64,"minecraft:axolotl_bucket":1,"minecraft:iron_pickaxe":1,"minecraft:dark_oak_planks":12,"minecraft:birch_log":13,"minecraft:white_wool":73,"minecraft:bone":38,"minecraft:gravel":26,"minecraft:white_tulip":1,"minecraft:stone_axe":1,"minecraft:blackstone":17,"minecraft:cobbled_deepslate":174,"minecraft:birch_sapling":4,"minecraft:rotten_flesh":138,"minecraft:carrot":2,"minecraft:leather_chestplate":1,"minecraft:tipped_arrow":12,"minecraft:lingering_potion":2,"minecraft:spruce_slab":128,"minecraft:arrow":16,"minecraft:beef":3,"minecraft:water_bucket":1,"minecraft:wheat_seeds":20,"minecraft:dripstone_block":5,"minecraft:bookshelf":2,"minecraft:waxed_oxidized_cut_copper_stairs":1,"minecraft:iron_helmet":1,"minecraft:oak_fence":2,"minecraft:feather":2,"minecraft:cobblestone":119,"minecraft:book":1,"minecraft:polished_tuff":1,"minecraft:spruce_button":1,"minecraft:spruce_door":1,"minecraft:tropical_fish":1,"minecraft:spruce_stairs":14,"minecraft:chainmail_helmet":1,"minecraft:coal":7,"minecraft:stick":170,"minecraft:oxeye_daisy":1,"minecraft:ink_sac":4,"minecraft:dead_bush":1,"minecraft:iron_axe":1,"minecraft:string":10,"minecraft:bucket":2,"minecraft:spruce_sapling":22,"minecraft:smooth_basalt":1,"minecraft:redstone":13,"minecraft:tuff_bricks":3,"minecraft:coarse_dirt":4,"minecraft:cobblestone_wall":1,"minecraft:tuff":5,"minecraft:raw_iron":12,"minecraft:clay_ball":4,"minecraft:iron_boots":1,"minecraft:stone_slab":16,"minecraft:spruce_fence":65,"minecraft:pumpkin_seeds":4,"minecraft:cobblestone_slab":8,"minecraft:stone":128,"minecraft:flower_pot":1,"minecraft:sea_pickle":1,"minecraft:allium":4,"minecraft:spruce_trapdoor":27,"minecraft:spruce_planks":69,"minecraft:iron_chestplate":1,"minecraft:diamond_pickaxe":1,"minecraft:andesite":48,"minecraft:oak_sapling":4,"minecraft:spider_eye":12,"minecraft:stone_bricks":9,"minecraft:bow":8,"minecraft:stone_pickaxe":1,"minecraft:wooden_pickaxe":1,"minecraft:raw_gold":8,"minecraft:calcite":1,"minecraft:brick":8},"minecraft:killed_by":{"minecraft:player":1},"minecraft:custom":{"minecraft:interact_with_crafting_table":48,"minecraft:open_barrel":27,"minecraft:bell_ring":16,"minecraft:leave_game":11,"minecraft:time_since_death":649498,"minecraft:sprint_one_cm":1560198,"minecraft:damage_blocked_by_shield":100,"minecraft:drop":203,"minecraft:talked_to_villager":17,"minecraft:play_time":808016,"minecraft:deaths":6,"minecraft:jump":8554,"minecraft:walk_on_water_one_cm":48621,"minecraft:enchant_item":24,"minecraft:interact_with_furnace":91,"minecraft:sleep_in_bed":3,"minecraft:damage_dealt":33837,"minecraft:crouch_one_cm":63766,"minecraft:interact_with_smoker":1,"minecraft:inspect_dispenser":12,"minecraft:mob_kills":171,"minecraft:interact_with_anvil":1,"minecraft:climb_one_cm":37989,"minecraft:walk_one_cm":1100220,"minecraft:sneak_time":24680,"minecraft:walk_under_water_one_cm":30441,"minecraft:interact_with_blast_furnace":1,"minecraft:total_world_time":808016,"minecraft:interact_with_grindstone":24,"minecraft:interact_with_stonecutter":6,"minecraft:time_since_rest":513620,"minecraft:damage_taken":15121,"minecraft:swim_one_cm":41449,"minecraft:fly_one_cm":2401767,"minecraft:open_chest":122,"minecraft:fall_one_cm":330402},"minecraft:picked_up":{"minecraft:flower_pot":2,"minecraft:stone_slab":16,"minecraft:oak_stairs":4,"minecraft:potion":2,"minecraft:enchanted_book":2,"minecraft:stone_brick_stairs":14,"minecraft:amethyst_block":34,"minecraft:polished_deepslate":1,"minecraft:string":55,"minecraft:sea_pickle":1,"minecraft:cobbled_deepslate":336,"minecraft:bucket":1,"minecraft:spruce_planks":8,"minecraft:white_tulip":5,"minecraft:trial_key":9,"minecraft:cobblestone_slab":4,"minecraft:calcite":65,"minecraft:iron_pickaxe":1,"minecraft:coal_block":1,"minecraft:furnace":8,"minecraft:iron_boots":1,"minecraft:tipped_arrow":12,"minecraft:stick":166,"minecraft:oak_fence":2,"minecraft:torch":24,"minecraft:green_bed":3,"minecraft:spruce_stairs":17,"minecraft:pointed_dripstone":56,"minecraft:honey_bottle":3,"minecraft:rotten_flesh":146,"minecraft:tropical_fish":1,"minecraft:carved_pumpkin":1,"minecraft:cobblestone":1177,"minecraft:birch_log":19,"minecraft:feather":2,"minecraft:oxidized_copper":21,"minecraft:water_bucket":3,"minecraft:andesite":56,"minecraft:flint":6,"minecraft:tuff":28,"minecraft:lapis_lazuli":361,"minecraft:dirt":37,"minecraft:bone":48,"minecraft:bow":9,"minecraft:wheat_seeds":20,"minecraft:raw_gold":126,"minecraft:axolotl_bucket":1,"minecraft:oak_pressure_plate":1,"minecraft:ink_sac":6,"minecraft:dead_bush":1,"minecraft:dark_oak_log":2037,"minecraft:diamond":237,"minecraft:soul_lantern":2,"minecraft:breeze_rod":5,"minecraft:golden_apple":2,"minecraft:emerald":25,"minecraft:spruce_button":3,"minecraft:chainmail_helmet":2,"minecraft:bread":5,"minecraft:oak_sapling":4,"minecraft:diamond_pickaxe":1,"minecraft:coarse_dirt":5,"minecraft:crafting_table":7,"minecraft:allium":4,"minecraft:ominous_bottle":1,"minecraft:chicken":1,"minecraft:clay_ball":4,"minecraft:chain":26,"minecraft:brick":8,"minecraft:shield":2,"minecraft:wind_charge":8,"minecraft:iron_axe":1,"minecraft:blackstone":17,"minecraft:beef":3,"minecraft:player_head":1,"minecraft:spruce_slab":2,"minecraft:lectern":1,"minecraft:chest":2,"minecraft:birch_sapling":7,"minecraft:spruce_trapdoor":19,"minecraft:dark_oak_sapling":258,"minecraft:raw_iron":379,"minecraft:carrot":2,"minecraft:redstone":345,"minecraft:dark_oak_planks":8,"minecraft:arrow":90,"minecraft:decorated_pot":18,"minecraft:tuff_bricks":3,"minecraft:glow_berries":1,"minecraft:glow_ink_sac":2,"minecraft:red_mushroom":1,"minecraft:birch_planks":1,"minecraft:oak_log":20,"minecraft:gunpowder":5,"minecraft:cobblestone_wall":2,"minecraft:cobblestone_stairs":1,"minecraft:apple":27,"minecraft:stone_bricks":6,"minecraft:acacia_trapdoor":7,"minecraft:iron_ingot":21,"minecraft:cooked_chicken":1,"minecraft:smooth_basalt":1,"minecraft:emerald_block":1,"minecraft:pumpkin":22,"minecraft:stone_brick_slab":154,"minecraft:dripstone_block":6,"minecraft:gravel":48,"minecraft:amethyst_shard":40,"minecraft:spruce_sapling":22,"minecraft:spruce_log":282,"minecraft:polished_tuff":1,"minecraft:spider_eye":12,"minecraft:pumpkin_seeds":4,"minecraft:iron_helmet":1,"minecraft:baked_potato":2,"minecraft:coal":330,"minecraft:ender_pearl":4},"minecraft:mined":{"minecraft:large_amethyst_bud":2,"minecraft:spruce_planks":5,"minecraft:cobblestone_stairs":1,"minecraft:carved_pumpkin":1,"minecraft:spruce_trapdoor":20,"minecraft:budding_amethyst":3,"minecraft:grass_block":31,"minecraft:tuff_bricks":5,"minecraft:iron_ore":123,"minecraft:cobbled_deepslate":5,"minecraft:fire":3,"minecraft:polished_tuff":1,"minecraft:pumpkin":22,"minecraft:deepslate_lapis_ore":27,"minecraft:pointed_dripstone":19,"minecraft:oak_stairs":3,"minecraft:small_amethyst_bud":3,"minecraft:spruce_slab":2,"minecraft:green_bed":3,"minecraft:deepslate_redstone_ore":67,"minecraft:blackstone":15,"minecraft:medium_amethyst_bud":1,"minecraft:amethyst_cluster":5,"minecraft:soul_lantern":2,"minecraft:clay":2,"minecraft:torch":10,"minecraft:calcite":78,"minecraft:oxidized_copper":21,"minecraft:chest":2,"minecraft:cobblestone":17,"minecraft:wall_torch":14,"minecraft:amethyst_block":37,"minecraft:chain":30,"minecraft:birch_log":18,"minecraft:stone_brick_stairs":15,"minecraft:oak_log":10,"minecraft:dark_oak_sapling":13,"minecraft:dirt":18,"minecraft:smooth_basalt":6,"minecraft:deepslate":316,"minecraft:suspicious_gravel":2,"minecraft:tuff":27,"minecraft:mossy_cobblestone":3,"minecraft:deepslate_diamond_ore":107,"minecraft:dark_oak_log":88,"minecraft:glow_lichen":2,"minecraft:allium":3,"minecraft:decorated_pot":22,"minecraft:large_fern":7,"minecraft:redstone_ore":5,"minecraft:furnace":8,"minecraft:acacia_trapdoor":3,"minecraft:andesite":88,"minecraft:deepslate_iron_ore":68,"minecraft:oxidized_cut_copper_slab":3,"minecraft:stone":1161,"minecraft:white_tulip":4,"minecraft:bone_block":10,"minecraft:oak_fence":2,"minecraft:crafting_table":5,"minecraft:short_grass":43,"minecraft:spruce_button":2,"minecraft:stone_slab":16,"minecraft:tall_grass":7,"minecraft:deepslate_coal_ore":10,"minecraft:deepslate_gold_ore":70,"minecraft:cracked_deepslate_bricks":1,"minecraft:spruce_stairs":17,"minecraft:coarse_dirt":6,"minecraft:cobblestone_wall":1,"minecraft:sea_pickle":1,"minecraft:spruce_log":8,"minecraft:coal_ore":134,"minecraft:gravel":55,"minecraft:dripstone_block":13,"minecraft:cobweb":36,"minecraft:stone_bricks":6,"minecraft:gold_ore":2,"minecraft:fern":5},"minecraft:used":{"minecraft:polished_deepslate":1,"minecraft:spruce_slab":423,"minecraft:dispenser":3,"minecraft:ladder":40,"minecraft:decorated_pot":2,"minecraft:chest":22,"minecraft:shield":6,"minecraft:iron_sword":249,"minecraft:stone":73,"minecraft:player_head":1,"minecraft:tuff":14,"minecraft:azure_bluet":1,"minecraft:obsidian":10,"minecraft:glass":26,"minecraft:lava_bucket":2,"minecraft:grass_block":21,"minecraft:birch_sapling":1,"minecraft:hopper_minecart":2,"minecraft:dark_oak_button":49,"minecraft:stone_brick_stairs":389,"minecraft:stone_bricks":644,"minecraft:bow":13,"minecraft:furnace":19,"minecraft:dark_prismarine_stairs":5,"minecraft:stripped_spruce_wood":137,"minecraft:dark_oak_sapling":129,"minecraft:waxed_oxidized_cut_copper_slab":23,"minecraft:spruce_door":24,"minecraft:acacia_trapdoor":57,"minecraft:stone_pickaxe":80,"minecraft:wooden_pickaxe":12,"minecraft:chainmail_helmet":2,"minecraft:composter":1,"minecraft:diamond_axe":165,"minecraft:white_wool":482,"minecraft:dark_oak_trapdoor":1,"minecraft:dripstone_block":1,"minecraft:lingering_potion":1,"minecraft:dark_oak_log":2049,"minecraft:lectern":1,"minecraft:gravel":22,"minecraft:diamond_sword":219,"minecraft:dark_oak_fence":46,"minecraft:waxed_oxidized_cut_copper_stairs":29,"minecraft:andesite":8,"minecraft:tropical_fish_bucket":2,"minecraft:coarse_dirt":1,"minecraft:white_tulip":3,"minecraft:flint_and_steel":3,"minecraft:redstone":2,"minecraft:spruce_planks":255,"minecraft:trial_key":8,"minecraft:torch":103,"minecraft:dirt":403,"minecraft:anvil":1,"minecraft:hopper":4,"minecraft:spruce_stairs":664,"minecraft:cobblestone_wall":130,"minecraft:diamond_helmet":2,"minecraft:spruce_fence":178,"minecraft:stone_brick_slab":34,"minecraft:dark_oak_planks":31,"minecraft:iron_axe":120,"minecraft:oak_stairs":4,"minecraft:spruce_button":2,"minecraft:glowstone":9,"minecraft:cooked_beef":96,"minecraft:cobbled_deepslate":38,"minecraft:observer":5,"minecraft:pumpkin":10,"minecraft:water_bucket":165,"minecraft:amethyst_block":11,"minecraft:cobblestone_stairs":157,"minecraft:birch_planks":1,"minecraft:green_bed":3,"minecraft:sheep_spawn_egg":2,"minecraft:stonecutter":2,"minecraft:spruce_fence_gate":9,"minecraft:cobblestone_slab":15,"minecraft:rail":2,"minecraft:dark_prismarine_slab":3,"minecraft:crafting_table":9,"minecraft:yellow_stained_glass_pane":2,"minecraft:oak_log":11,"minecraft:flower_pot":3,"minecraft:diamond_pickaxe":2322,"minecraft:diamond_shovel":61,"minecraft:wind_charge":8,"minecraft:oak_button":4,"minecraft:iron_pickaxe":183,"minecraft:spruce_trapdoor":742,"minecraft:stone_axe":80,"minecraft:cobblestone":286,"minecraft:bucket":164},"minecraft:killed":{"minecraft:cave_spider":1,"minecraft:spider":7,"minecraft:skeleton":58,"minecraft:chicken":1,"minecraft:silverfish":2,"minecraft:zombie_villager":3,"minecraft:creeper":10,"minecraft:zombie":57,"minecraft:bogged":2,"minecraft:husk":15,"minecraft:breeze":5,"minecraft:enderman":3},"minecraft:crafted":{"minecraft:oak_planks":36,"minecraft:stone":909,"minecraft:cobblestone_stairs":24,"minecraft:diamond_shovel":1,"minecraft:diamond_helmet":1,"minecraft:diamond_leggings":1,"minecraft:iron_boots":1,"minecraft:chest":7,"minecraft:diamond_axe":1,"minecraft:crafting_table":2,"minecraft:spruce_planks":616,"minecraft:wooden_pickaxe":1,"minecraft:iron_helmet":1,"minecraft:raw_gold_block":3,"minecraft:spruce_door":3,"minecraft:birch_planks":20,"minecraft:stone_brick_stairs":4,"minecraft:spruce_trapdoor":78,"minecraft:iron_chestplate":1,"minecraft:diamond_pickaxe":1,"minecraft:emerald_block":2,"minecraft:shield":1,"minecraft:stick":40,"minecraft:iron_ingot":56,"minecraft:iron_pickaxe":1,"minecraft:iron_block":3,"minecraft:furnace":9,"minecraft:spruce_fence":3,"minecraft:spruce_stairs":88,"minecraft:iron_axe":1,"minecraft:spruce_slab":264,"minecraft:stone_pickaxe":1,"minecraft:diamond_boots":1,"minecraft:dark_oak_planks":28,"minecraft:coal_block":14,"minecraft:diamond_sword":1,"minecraft:iron_sword":1,"minecraft:bucket":1,"minecraft:dark_oak_button":5,"minecraft:stone_axe":2,"minecraft:air":0,"minecraft:anvil":1,"minecraft:torch":48,"minecraft:diamond_chestplate":1}},"DataVersion":3955}