{"stats":{"minecraft:picked_up":{"minecraft:flower_pot":3,"minecraft:stone_slab":16,"minecraft:diamond_sword":6,"minecraft:oak_stairs":4,"minecraft:potion":5,"minecraft:enchanted_book":2,"minecraft:stone_brick_stairs":21,"minecraft:amethyst_block":34,"minecraft:polished_deepslate":1,"minecraft:music_disc_cat":6,"minecraft:string":241,"minecraft:raw_copper":15,"minecraft:armor_stand":1,"minecraft:sea_pickle":1,"minecraft:diamond_leggings":3,"minecraft:gold_nugget":133,"minecraft:cobbled_deepslate":891,"minecraft:bucket":1,"minecraft:spruce_planks":9,"minecraft:white_tulip":5,"minecraft:trial_key":9,"minecraft:cobblestone_slab":10,"minecraft:calcite":65,"minecraft:iron_pickaxe":4,"minecraft:coal_block":1,"minecraft:furnace":8,"minecraft:iron_boots":1,"minecraft:tipped_arrow":12,"minecraft:stick":166,"minecraft:jukebox":1,"minecraft:oak_fence":2,"minecraft:torch":100,"minecraft:green_bed":3,"minecraft:spruce_stairs":23,"minecraft:cherry_log":18,"minecraft:pointed_dripstone":56,"minecraft:honey_bottle":3,"minecraft:rotten_flesh":182,"minecraft:tropical_fish":1,"minecraft:carved_pumpkin":1,"minecraft:blaze_rod":28,"minecraft:cobblestone":1729,"minecraft:birch_log":19,"minecraft:magma_block":17,"minecraft:cooked_beef":2,"minecraft:feather":2,"minecraft:oxidized_copper":21,"minecraft:water_bucket":6,"minecraft:andesite":494,"minecraft:flint":6,"minecraft:tuff":78,"minecraft:lapis_lazuli":361,"minecraft:dirt":150,"minecraft:lantern":5,"minecraft:twisting_vines":1,"minecraft:glass":1,"minecraft:bone":51,"minecraft:bow":9,"minecraft:wheat_seeds":21,"minecraft:raw_gold":144,"minecraft:diamond_helmet":3,"minecraft:glowstone_dust":82,"minecraft:oak_planks":3,"minecraft:axolotl_bucket":1,"minecraft:oak_pressure_plate":1,"minecraft:birch_fence_gate":1,"minecraft:sand":57,"minecraft:ink_sac":6,"minecraft:dead_bush":1,"minecraft:barrel":7,"minecraft:dark_oak_log":2037,"minecraft:dispenser":1,"minecraft:diamond":237,"minecraft:soul_lantern":5,"minecraft:breeze_rod":5,"minecraft:golden_apple":11,"minecraft:emerald":25,"minecraft:spruce_button":3,"minecraft:chainmail_helmet":2,"minecraft:bread":31,"minecraft:oak_sapling":4,"minecraft:netherrack":2091,"minecraft:dark_oak_fence":10,"minecraft:diamond_pickaxe":4,"minecraft:coarse_dirt":5,"minecraft:crafting_table":13,"minecraft:allium":4,"minecraft:ominous_bottle":1,"minecraft:chicken":1,"minecraft:nether_wart":20,"minecraft:clay_ball":4,"minecraft:chain":34,"minecraft:brick":8,"minecraft:shield":2,"minecraft:wind_charge":8,"minecraft:iron_axe":1,"minecraft:blackstone":17,"minecraft:beef":3,"minecraft:player_head":128,"minecraft:spruce_slab":2,"minecraft:lectern":1,"minecraft:chest":8,"minecraft:birch_sapling":7,"minecraft:spruce_trapdoor":22,"minecraft:dark_oak_sapling":261,"minecraft:raw_iron":400,"minecraft:carrot":2,"minecraft:redstone":345,"minecraft:dark_oak_planks":23,"minecraft:arrow":94,"minecraft:diamond_chestplate":3,"minecraft:allay_spawn_egg":1,"minecraft:decorated_pot":18,"minecraft:nether_bricks":57,"minecraft:deepslate_bricks":1,"minecraft:diamond_boots":3,"minecraft:pink_tulip":1,"minecraft:tuff_bricks":3,"minecraft:glow_berries":1,"minecraft:bone_block":17,"minecraft:dark_oak_button":1,"minecraft:basalt":131,"minecraft:glow_ink_sac":11,"minecraft:red_mushroom":1,"minecraft:birch_planks":1,"minecraft:oak_log":20,"minecraft:ancient_debris":38,"minecraft:cobblestone_wall":2,"minecraft:nether_wart_block":4,"minecraft:gunpowder":5,"minecraft:cobblestone_stairs":7,"minecraft:apple":27,"minecraft:stone_bricks":20,"minecraft:kelp":314,"minecraft:acacia_trapdoor":7,"minecraft:iron_ingot":21,"minecraft:cooked_chicken":1,"minecraft:soul_sand":36,"minecraft:dark_oak_stairs":2,"minecraft:dark_oak_slab":8,"minecraft:smooth_basalt":1,"minecraft:emerald_block":1,"minecraft:pumpkin":22,"minecraft:stone_brick_slab":154,"minecraft:quartz":63,"minecraft:dripstone_block":6,"minecraft:gravel":61,"minecraft:amethyst_shard":48,"minecraft:spruce_sapling":22,"minecraft:white_bed":1,"minecraft:spruce_log":282,"minecraft:spruce_door":5,"minecraft:spider_eye":12,"minecraft:polished_tuff":1,"minecraft:diamond_shovel":3,"minecraft:pumpkin_seeds":4,"minecraft:iron_helmet":1,"minecraft:diamond_axe":3,"minecraft:cherry_sapling":3,"minecraft:baked_potato":2,"minecraft:coal":333,"minecraft:ender_pearl":19},"minecraft:dropped":{"minecraft:lapis_lazuli":59,"minecraft:oak_pressure_plate":1,"minecraft:cooked_beef":3,"minecraft:diamond":15,"minecraft:dark_oak_sapling":129,"minecraft:decorated_pot":16,"minecraft:red_mushroom":1,"minecraft:flint":6,"minecraft:emerald":6,"minecraft:cobblestone_stairs":75,"minecraft:dirt":15,"minecraft:dark_oak_log":421,"minecraft:dark_oak_fence":5,"minecraft:amethyst_shard":8,"minecraft:axolotl_bucket":1,"minecraft:iron_pickaxe":1,"minecraft:dark_oak_planks":12,"minecraft:birch_log":13,"minecraft:white_wool":73,"minecraft:bone":41,"minecraft:gravel":26,"minecraft:white_tulip":1,"minecraft:stone_axe":1,"minecraft:goat_horn":1,"minecraft:blackstone":17,"minecraft:ancient_debris":4,"minecraft:cobbled_deepslate":174,"minecraft:twisting_vines":1,"minecraft:birch_sapling":4,"minecraft:rotten_flesh":165,"minecraft:waxed_oxidized_cut_copper_slab":1,"minecraft:carrot":2,"minecraft:leather_chestplate":1,"minecraft:tipped_arrow":12,"minecraft:lingering_potion":2,"minecraft:spruce_slab":162,"minecraft:basalt":6,"minecraft:arrow":21,"minecraft:glass":1,"minecraft:beef":3,"minecraft:stone_brick_stairs":128,"minecraft:netherrack":794,"minecraft:water_bucket":1,"minecraft:wheat_seeds":21,"minecraft:dripstone_block":5,"minecraft:bookshelf":2,"minecraft:waxed_oxidized_cut_copper_stairs":1,"minecraft:diamond_leggings":1,"minecraft:iron_helmet":1,"minecraft:feather":2,"minecraft:oak_fence":2,"minecraft:cobblestone":182,"minecraft:book":1,"minecraft:polished_tuff":1,"minecraft:spruce_button":1,"minecraft:spruce_door":1,"minecraft:tropical_fish":1,"minecraft:spruce_stairs":14,"minecraft:chainmail_helmet":1,"minecraft:acacia_trapdoor":57,"minecraft:coal":7,"minecraft:stick":171,"minecraft:oxeye_daisy":1,"minecraft:ink_sac":4,"minecraft:waxed_oxidized_copper":1,"minecraft:diamond_helmet":1,"minecraft:dead_bush":1,"minecraft:iron_axe":1,"minecraft:string":10,"minecraft:bucket":2,"minecraft:spruce_sapling":22,"minecraft:smooth_basalt":1,"minecraft:redstone":13,"minecraft:tuff_bricks":3,"minecraft:player_head":1,"minecraft:coarse_dirt":4,"minecraft:cobblestone_wall":1,"minecraft:tuff":5,"minecraft:raw_iron":12,"minecraft:clay_ball":4,"minecraft:iron_boots":1,"minecraft:stone_slab":16,"minecraft:spruce_fence":129,"minecraft:pumpkin_seeds":4,"minecraft:diamond_sword":3,"minecraft:cobblestone_slab":8,"minecraft:stone":128,"minecraft:flower_pot":1,"minecraft:sea_pickle":1,"minecraft:allium":4,"minecraft:diamond_chestplate":1,"minecraft:spruce_trapdoor":168,"minecraft:spruce_planks":133,"minecraft:iron_chestplate":1,"minecraft:diamond_pickaxe":1,"minecraft:andesite":48,"minecraft:oak_sapling":4,"minecraft:spider_eye":12,"minecraft:stone_bricks":9,"minecraft:diamond_boots":1,"minecraft:bow":8,"minecraft:stone_pickaxe":1,"minecraft:wooden_pickaxe":1,"minecraft:raw_gold":8,"minecraft:calcite":1,"minecraft:brick":8},"minecraft:custom":{"minecraft:interact_with_crafting_table":80,"minecraft:open_barrel":28,"minecraft:bell_ring":16,"minecraft:leave_game":17,"minecraft:time_since_death":425521,"minecraft:sprint_one_cm":2441611,"minecraft:damage_blocked_by_shield":100,"minecraft:drop":277,"minecraft:talked_to_villager":18,"minecraft:play_time":1386991,"minecraft:deaths":9,"minecraft:jump":12210,"minecraft:interact_with_brewingstand":20,"minecraft:walk_on_water_one_cm":96214,"minecraft:enchant_item":28,"minecraft:interact_with_furnace":144,"minecraft:play_record":5,"minecraft:sleep_in_bed":3,"minecraft:damage_dealt":41591,"minecraft:player_kills":1,"minecraft:crouch_one_cm":129032,"minecraft:interact_with_smoker":1,"minecraft:inspect_dispenser":16,"minecraft:interact_with_smithing_table":3,"minecraft:interact_with_anvil":8,"minecraft:mob_kills":1480,"minecraft:climb_one_cm":85360,"minecraft:walk_one_cm":1992969,"minecraft:sneak_time":44965,"minecraft:walk_under_water_one_cm":237160,"minecraft:interact_with_blast_furnace":1,"minecraft:total_world_time":1386991,"minecraft:interact_with_grindstone":24,"minecraft:interact_with_stonecutter":15,"minecraft:time_since_rest":425543,"minecraft:damage_absorbed":50,"minecraft:damage_taken":18526,"minecraft:swim_one_cm":126472,"minecraft:fly_one_cm":3377756,"minecraft:open_chest":264,"minecraft:fall_one_cm":434837},"minecraft:used":{"minecraft:polished_deepslate":1,"minecraft:dispenser":5,"minecraft:spruce_slab":467,"minecraft:ladder":50,"minecraft:decorated_pot":2,"minecraft:chest":29,"minecraft:shield":6,"minecraft:iron_sword":249,"minecraft:stone":91,"minecraft:player_head":35,"minecraft:soul_sand":2,"minecraft:deepslate_tile_slab":1,"minecraft:tuff":15,"minecraft:azure_bluet":1,"minecraft:obsidian":10,"minecraft:glass":33,"minecraft:waxed_oxidized_copper":30,"minecraft:lava_bucket":3,"minecraft:lantern":8,"minecraft:grass_block":23,"minecraft:birch_sapling":1,"minecraft:dark_oak_slab":18,"minecraft:hopper_minecart":2,"minecraft:dark_oak_button":57,"minecraft:stone_brick_stairs":582,"minecraft:stone_bricks":860,"minecraft:magma_block":4,"minecraft:bow":13,"minecraft:furnace":19,"minecraft:dark_prismarine_stairs":5,"minecraft:stripped_spruce_wood":185,"minecraft:dark_oak_sapling":129,"minecraft:dark_oak_stairs":14,"minecraft:waxed_oxidized_cut_copper_slab":46,"minecraft:spruce_door":31,"minecraft:acacia_trapdoor":74,"minecraft:stone_pickaxe":80,"minecraft:wooden_pickaxe":12,"minecraft:chainmail_helmet":2,"minecraft:composter":1,"minecraft:diamond_axe":250,"minecraft:white_wool":515,"minecraft:golden_apple":3,"minecraft:dark_oak_trapdoor":1,"minecraft:lingering_potion":1,"minecraft:dripstone_block":1,"minecraft:birch_fence_gate":3,"minecraft:dark_oak_log":2402,"minecraft:bread":13,"minecraft:lectern":1,"minecraft:gravel":23,"minecraft:soul_lantern":5,"minecraft:diamond_sword":476,"minecraft:smithing_table":1,"minecraft:dark_oak_fence":54,"minecraft:waxed_oxidized_cut_copper_stairs":123,"minecraft:andesite":95,"minecraft:chain":11,"minecraft:tropical_fish_bucket":2,"minecraft:coarse_dirt":1,"minecraft:experience_bottle":2,"minecraft:iron_bars":1,"minecraft:white_tulip":3,"minecraft:flint_and_steel":3,"minecraft:armor_stand":6,"minecraft:redstone":2,"minecraft:spruce_planks":432,"minecraft:trial_key":8,"minecraft:netherrack":330,"minecraft:torch":125,"minecraft:brewing_stand":1,"minecraft:dirt":431,"minecraft:anvil":1,"minecraft:hopper":4,"minecraft:spruce_stairs":848,"minecraft:cobblestone_wall":191,"minecraft:diamond_helmet":3,"minecraft:spruce_fence":242,"minecraft:allay_spawn_egg":9,"minecraft:stone_brick_slab":54,"minecraft:dark_oak_planks":46,"minecraft:bookshelf":3,"minecraft:iron_axe":120,"minecraft:oak_stairs":4,"minecraft:spruce_button":2,"minecraft:barrel":17,"minecraft:basalt":125,"minecraft:glowstone":15,"minecraft:goat_horn":3,"minecraft:cooked_beef":142,"minecraft:cobbled_deepslate":129,"minecraft:pumpkin":10,"minecraft:observer":5,"minecraft:chiseled_bookshelf":16,"minecraft:water_bucket":239,"minecraft:amethyst_block":11,"minecraft:cobblestone_stairs":245,"minecraft:birch_planks":1,"minecraft:glass_bottle":10,"minecraft:green_bed":3,"minecraft:sheep_spawn_egg":2,"minecraft:stonecutter":2,"minecraft:cobblestone_slab":28,"minecraft:spruce_fence_gate":9,"minecraft:deepslate_bricks":1,"minecraft:rail":2,"minecraft:dark_prismarine_slab":3,"minecraft:crafting_table":17,"minecraft:yellow_stained_glass_pane":149,"minecraft:campfire":6,"minecraft:dark_oak_fence_gate":6,"minecraft:white_bed":3,"minecraft:oak_log":11,"minecraft:flower_pot":18,"minecraft:diamond_pickaxe":29937,"minecraft:diamond_shovel":220,"minecraft:wind_charge":8,"minecraft:oak_button":4,"minecraft:iron_pickaxe":183,"minecraft:spruce_trapdoor":904,"minecraft:acacia_fence_gate":2,"minecraft:stone_axe":80,"minecraft:cobblestone":389,"minecraft:potion":2,"minecraft:bucket":230,"minecraft:glass_pane":2,"minecraft:kelp":190,"minecraft:diamond_leggings":1,"minecraft:jukebox":2},"minecraft:crafted":{"minecraft:oak_planks":36,"minecraft:cobblestone_slab":6,"minecraft:barrel":7,"minecraft:blaze_powder":2,"minecraft:cobblestone_stairs":32,"minecraft:stone":909,"minecraft:diamond_shovel":1,"minecraft:stone_brick_slab":6,"minecraft:glass":121,"minecraft:bow":1,"minecraft:diamond_helmet":2,"minecraft:diamond_leggings":2,"minecraft:iron_boots":1,"minecraft:chest":13,"minecraft:glass_bottle":21,"minecraft:diamond_axe":1,"minecraft:crafting_table":4,"minecraft:spruce_planks":1128,"minecraft:wooden_pickaxe":1,"minecraft:iron_helmet":1,"minecraft:raw_gold_block":3,"minecraft:smithing_table":1,"minecraft:spruce_door":3,"minecraft:brewing_stand":1,"minecraft:birch_planks":20,"minecraft:dispenser":1,"minecraft:stone_brick_stairs":10,"minecraft:spruce_trapdoor":168,"minecraft:dark_oak_slab":36,"minecraft:iron_chestplate":1,"minecraft:diamond_pickaxe":1,"minecraft:emerald_block":2,"minecraft:shield":1,"minecraft:stick":56,"minecraft:iron_ingot":146,"minecraft:iron_pickaxe":1,"minecraft:iron_block":3,"minecraft:gold_ingot":34,"minecraft:netherite_ingot":7,"minecraft:deepslate_tile_slab":2,"minecraft:jukebox":1,"minecraft:iron_nugget":54,"minecraft:furnace":9,"minecraft:spruce_fence":3,"minecraft:glass_pane":320,"minecraft:lantern":4,"minecraft:spruce_stairs":248,"minecraft:iron_axe":1,"minecraft:spruce_slab":264,"minecraft:chiseled_bookshelf":4,"minecraft:stone_pickaxe":1,"minecraft:diamond_boots":2,"minecraft:netherite_scrap":28,"minecraft:dark_oak_planks":220,"minecraft:coal_block":26,"minecraft:diamond_sword":1,"minecraft:dark_oak_stairs":16,"minecraft:iron_sword":1,"minecraft:yellow_stained_glass_pane":192,"minecraft:bucket":1,"minecraft:dark_oak_button":6,"minecraft:stone_axe":2,"minecraft:air":0,"minecraft:anvil":1,"minecraft:torch":48,"minecraft:diamond_chestplate":2},"minecraft:mined":{"minecraft:dark_oak_planks":16,"minecraft:large_amethyst_bud":2,"minecraft:spruce_planks":6,"minecraft:white_bed":1,"minecraft:cherry_log":1,"minecraft:cobblestone_stairs":7,"minecraft:carved_pumpkin":1,"minecraft:spruce_trapdoor":23,"minecraft:budding_amethyst":3,"minecraft:grass_block":56,"minecraft:deepslate_bricks":1,"minecraft:nether_wart":20,"minecraft:tuff_bricks":5,"minecraft:magma_block":15,"minecraft:barrel":7,"minecraft:glowstone":30,"minecraft:iron_ore":125,"minecraft:cobbled_deepslate":33,"minecraft:fire":22,"minecraft:polished_tuff":1,"minecraft:pumpkin":22,"minecraft:deepslate_lapis_ore":27,"minecraft:dark_oak_stairs":2,"minecraft:pointed_dripstone":19,"minecraft:oak_stairs":3,"minecraft:small_amethyst_bud":3,"minecraft:player_head":17,"minecraft:spruce_slab":2,"minecraft:green_bed":3,"minecraft:deepslate_redstone_ore":67,"minecraft:blackstone":38,"minecraft:kelp_plant":2,"minecraft:medium_amethyst_bud":1,"minecraft:soul_fire":3,"minecraft:amethyst_cluster":5,"minecraft:soul_lantern":4,"minecraft:clay":2,"minecraft:torch":10,"minecraft:calcite":78,"minecraft:oxidized_copper":21,"minecraft:chest":8,"minecraft:nether_quartz_ore":628,"minecraft:cobblestone":43,"minecraft:oak_planks":2,"minecraft:wall_torch":30,"minecraft:amethyst_block":37,"minecraft:chain":38,"minecraft:dark_oak_slab":8,"minecraft:nether_wart_block":4,"minecraft:birch_log":18,"minecraft:jukebox":1,"minecraft:stone_brick_stairs":23,"minecraft:yellow_stained_glass_pane":5,"minecraft:oak_log":10,"minecraft:dark_oak_sapling":13,"minecraft:dirt":50,"minecraft:sand":57,"minecraft:ancient_debris":38,"minecraft:smooth_basalt":6,"minecraft:dispenser":1,"minecraft:netherrack":25880,"minecraft:deepslate":443,"minecraft:suspicious_gravel":2,"minecraft:nether_gold_ore":97,"minecraft:tuff":44,"minecraft:mossy_cobblestone":3,"minecraft:deepslate_diamond_ore":107,"minecraft:dark_oak_log":88,"minecraft:chiseled_bookshelf":2,"minecraft:nether_bricks":57,"minecraft:glow_lichen":2,"minecraft:birch_fence_gate":1,"minecraft:dark_oak_fence":12,"minecraft:allium":3,"minecraft:decorated_pot":22,"minecraft:kelp":98,"minecraft:large_fern":7,"minecraft:redstone_ore":5,"minecraft:furnace":8,"minecraft:acacia_trapdoor":3,"minecraft:andesite":304,"minecraft:cobblestone_slab":4,"minecraft:deepslate_iron_ore":68,"minecraft:lantern":3,"minecraft:oxidized_cut_copper_slab":3,"minecraft:stone":1345,"minecraft:white_tulip":4,"minecraft:bone_block":27,"minecraft:glass_pane":2,"minecraft:soul_sand":36,"minecraft:basalt":151,"minecraft:spruce_door":5,"minecraft:oak_fence":2,"minecraft:crafting_table":11,"minecraft:short_grass":47,"minecraft:spruce_button":2,"minecraft:stone_slab":16,"minecraft:copper_ore":1,"minecraft:tall_grass":7,"minecraft:deepslate_coal_ore":10,"minecraft:deepslate_gold_ore":72,"minecraft:cracked_deepslate_bricks":1,"minecraft:spruce_stairs":23,"minecraft:coarse_dirt":6,"minecraft:cobblestone_wall":1,"minecraft:sea_pickle":1,"minecraft:spruce_log":8,"minecraft:coal_ore":134,"minecraft:flower_pot":1,"minecraft:gravel":60,"minecraft:dripstone_block":13,"minecraft:cobweb":36,"minecraft:stone_bricks":22,"minecraft:gold_ore":2,"minecraft:fern":5},"minecraft:killed":{"minecraft:cave_spider":1,"minecraft:spider":8,"minecraft:skeleton":61,"minecraft:chicken":1,"minecraft:silverfish":1260,"minecraft:magma_cube":6,"minecraft:piglin":1,"minecraft:zombie_villager":3,"minecraft:creeper":10,"minecraft:zombie":78,"minecraft:blaze":16,"minecraft:bogged":2,"minecraft:husk":15,"minecraft:hoglin":1,"minecraft:breeze":5,"minecraft:wither_skeleton":2,"minecraft:enderman":3},"minecraft:broken":{"minecraft:stone_axe":1,"minecraft:iron_sword":1},"minecraft:killed_by":{"minecraft:player":1,"minecraft:phantom":1}},"DataVersion":3955}