{"stats":{"minecraft:picked_up":{"minecraft:crafting_table":8,"minecraft:iron_chestplate":4,"minecraft:chicken":3,"minecraft:wooden_pickaxe":1,"minecraft:oak_stairs":2,"minecraft:string":20,"minecraft:iron_leggings":4,"minecraft:iron_shovel":4,"minecraft:gold_nugget":16,"minecraft:bucket":1,"minecraft:spruce_planks":41,"minecraft:beef":3,"minecraft:poppy":1,"minecraft:iron_pickaxe":4,"minecraft:birch_sapling":7,"minecraft:egg":2,"minecraft:iron_boots":4,"minecraft:furnace":8,"minecraft:stick":67,"minecraft:raw_iron":47,"minecraft:torch":38,"minecraft:porkchop":5,"minecraft:arrow":10,"minecraft:rotten_flesh":79,"minecraft:shears":1,"minecraft:hay_block":3,"minecraft:carved_pumpkin":9,"minecraft:mutton":4,"minecraft:cobblestone":270,"minecraft:white_wool":5,"minecraft:birch_log":71,"minecraft:feather":3,"minecraft:water_bucket":6,"minecraft:leather":6,"minecraft:potato":8,"minecraft:filled_map":1,"minecraft:oak_log":113,"minecraft:gunpowder":4,"minecraft:dirt":14,"minecraft:bone":5,"minecraft:apple":2,"minecraft:wheat_seeds":6,"minecraft:cooked_chicken":5,"minecraft:stone_pickaxe":3,"minecraft:iron_ingot":32,"minecraft:iron_sword":1,"minecraft:cooked_porkchop":8,"minecraft:pumpkin":6,"minecraft:dandelion":1,"minecraft:spruce_sapling":2,"minecraft:white_bed":1,"minecraft:spruce_log":11,"minecraft:pumpkin_seeds":24,"minecraft:stone_axe":3,"minecraft:iron_helmet":4,"minecraft:breeze_rod":2,"minecraft:bread":75,"minecraft:oak_sapling":16,"minecraft:coal":124},"minecraft:dropped":{"minecraft:water_bucket":3,"minecraft:bread":1,"minecraft:wheat_seeds":1,"minecraft:cooked_porkchop":4,"minecraft:raw_iron":23,"minecraft:rotten_flesh":9,"minecraft:filled_map":1,"minecraft:gunpowder":1,"minecraft:carved_pumpkin":1,"minecraft:breeze_rod":1},"minecraft:custom":{"minecraft:mob_kills":22,"minecraft:interact_with_crafting_table":28,"minecraft:bell_ring":27,"minecraft:leave_game":6,"minecraft:time_since_death":21497,"minecraft:climb_one_cm":1791,"minecraft:sprint_one_cm":352776,"minecraft:walk_one_cm":305149,"minecraft:drop":14,"minecraft:play_time":178742,"minecraft:deaths":10,"minecraft:sneak_time":2166,"minecraft:walk_under_water_one_cm":10229,"minecraft:jump":1900,"minecraft:interact_with_blast_furnace":7,"minecraft:walk_on_water_one_cm":25396,"minecraft:total_world_time":178742,"minecraft:interact_with_furnace":16,"minecraft:time_since_rest":21527,"minecraft:damage_taken":10554,"minecraft:damage_dealt":3327,"minecraft:swim_one_cm":23012,"minecraft:fly_one_cm":400258,"minecraft:open_chest":8,"minecraft:crouch_one_cm":4428,"minecraft:fall_one_cm":135389},"minecraft:used":{"minecraft:stone_sword":50,"minecraft:iron_shovel":11,"minecraft:carved_pumpkin":1,"minecraft:poppy":1,"minecraft:chest":2,"minecraft:spruce_planks":4,"minecraft:iron_sword":1,"minecraft:cooked_chicken":3,"minecraft:rotten_flesh":2,"minecraft:iron_chestplate":2,"minecraft:torch":7,"minecraft:dirt":2,"minecraft:wooden_axe":29,"minecraft:oak_stairs":2,"minecraft:spruce_button":1,"minecraft:birch_sapling":1,"minecraft:iron_helmet":1,"minecraft:iron_boots":3,"minecraft:furnace":6,"minecraft:oak_sapling":16,"minecraft:egg":2,"minecraft:cooked_beef":3,"minecraft:potato":3,"minecraft:pumpkin":2,"minecraft:iron_leggings":2,"minecraft:cooked_mutton":4,"minecraft:water_bucket":2,"minecraft:stone_pickaxe":94,"minecraft:wooden_pickaxe":6,"minecraft:white_wool":2,"minecraft:crafting_table":12,"minecraft:white_bed":1,"minecraft:shears":6,"minecraft:spruce_log":1,"minecraft:oak_log":13,"minecraft:apple":2,"minecraft:bread":10,"minecraft:iron_pickaxe":3,"minecraft:stone_axe":28,"minecraft:wooden_sword":37,"minecraft:cobblestone":17,"minecraft:cooked_porkchop":3,"minecraft:birch_log":7,"minecraft:bucket":2},"minecraft:crafted":{"minecraft:wooden_sword":1,"minecraft:oak_planks":12,"minecraft:spruce_button":1,"minecraft:cooked_chicken":1,"minecraft:furnace":1,"minecraft:cooked_mutton":4,"minecraft:iron_boots":1,"minecraft:stone_pickaxe":2,"minecraft:chest":2,"minecraft:wheat":27,"minecraft:cooked_beef":3,"minecraft:cooked_porkchop":5,"minecraft:crafting_table":4,"minecraft:spruce_planks":40,"minecraft:wooden_pickaxe":2,"minecraft:iron_helmet":1,"minecraft:iron_sword":1,"minecraft:birch_planks":16,"minecraft:stone_axe":1,"minecraft:bread":9,"minecraft:air":0,"minecraft:iron_chestplate":1,"minecraft:stick":16,"minecraft:iron_pickaxe":1,"minecraft:wooden_axe":1,"minecraft:stone_sword":1,"minecraft:iron_shovel":1,"minecraft:iron_leggings":1,"minecraft:white_bed":1,"minecraft:torch":4,"minecraft:shears":1},"minecraft:mined":{"minecraft:spruce_planks":2,"minecraft:white_bed":1,"minecraft:oak_sapling":1,"minecraft:carved_pumpkin":1,"minecraft:large_fern":2,"minecraft:hay_block":4,"minecraft:furnace":5,"minecraft:pumpkin":4,"minecraft:oak_stairs":2,"minecraft:stone":75,"minecraft:white_wool":2,"minecraft:kelp_plant":2,"minecraft:dandelion":1,"minecraft:crafting_table":7,"minecraft:torch":6,"minecraft:short_grass":19,"minecraft:tall_grass":5,"minecraft:cobblestone":1,"minecraft:wall_torch":1,"minecraft:birch_log":21,"minecraft:spruce_log":8,"minecraft:oak_log":10,"minecraft:coal_ore":21,"minecraft:gravel":9,"minecraft:dirt":3,"minecraft:oak_leaves":1,"minecraft:fern":1},"minecraft:killed":{"minecraft:skeleton":1,"minecraft:chicken":3,"minecraft:pig":2,"minecraft:creeper":1,"minecraft:sheep":3,"minecraft:zombie":11,"minecraft:cow":1},"minecraft:killed_by":{"minecraft:creeper":1,"minecraft:skeleton":1,"minecraft:zombie":1}},"DataVersion":3955}