{"stats":{"minecraft:dropped":{"minecraft:white_tulip":1,"minecraft:rotten_flesh":2,"minecraft:grass_block":1,"minecraft:spruce_leaves":356},"minecraft:killed":{"minecraft:creeper":3,"minecraft:sheep":1,"minecraft:skeleton":1,"minecraft:zombie":1,"minecraft:silverfish":790},"minecraft:used":{"minecraft:cooked_mutton":2,"minecraft:iron_ore":1,"minecraft:stone":138,"minecraft:diamond_axe":15,"minecraft:cooked_chicken":3,"minecraft:netherrack":1,"minecraft:torch":52,"minecraft:dirt":900,"minecraft:dark_oak_planks":1,"minecraft:diamond_pickaxe":370,"minecraft:diamond_shovel":1766,"minecraft:coal_ore":40,"minecraft:grass_block":2476,"minecraft:stone_slab":1,"minecraft:birch_trapdoor":2,"minecraft:diamond_sword":129,"minecraft:bow":6,"minecraft:cooked_beef":7},"minecraft:picked_up":{"minecraft:spruce_leaves":356,"minecraft:andesite":17,"minecraft:stone_slab":46,"minecraft:gunpowder":6,"minecraft:dirt":351,"minecraft:cooked_mutton":5,"minecraft:wheat_seeds":35,"minecraft:white_tulip":19,"minecraft:iron_ore":1,"minecraft:player_head":26,"minecraft:sugar_cane":3,"minecraft:egg":1,"minecraft:copper_ore":1,"minecraft:raw_iron":2,"minecraft:stone":188,"minecraft:birch_trapdoor":2,"minecraft:torch":16,"minecraft:gravel":41,"minecraft:spruce_log":52,"minecraft:grass_block":1298,"minecraft:dark_oak_planks":1,"minecraft:coal_ore":71,"minecraft:arrow":1,"minecraft:peony":2,"minecraft:netherrack":1,"minecraft:white_wool":1,"minecraft:coal":77,"minecraft:cobblestone":2},"minecraft:mined":{"minecraft:dark_oak_planks":1,"minecraft:torch":10,"minecraft:glow_lichen":2,"minecraft:short_grass":35,"minecraft:grass_block":1371,"minecraft:stone_slab":46,"minecraft:tall_grass":21,"minecraft:copper_ore":1,"minecraft:spruce_leaves":4,"minecraft:sugar_cane":3,"minecraft:wall_torch":6,"minecraft:large_fern":11,"minecraft:iron_ore":2,"minecraft:birch_trapdoor":2,"minecraft:spruce_log":7,"minecraft:andesite":17,"minecraft:peony":2,"minecraft:coal_ore":109,"minecraft:gravel":42,"minecraft:dirt":334,"minecraft:stone":189,"minecraft:white_tulip":1,"minecraft:netherrack":1,"minecraft:fern":3},"minecraft:crafted":{"minecraft:coal":18,"minecraft:emerald":36,"minecraft:spruce_planks":208,"minecraft:enchanted_book":1,"minecraft:air":0,"minecraft:book":1,"minecraft:paper":3,"minecraft:stick":416,"minecraft:iron_ingot":5},"minecraft:custom":{"minecraft:interact_with_anvil":1,"minecraft:mob_kills":796,"minecraft:traded_with_villager":37,"minecraft:interact_with_crafting_table":2,"minecraft:leave_game":8,"minecraft:time_since_death":97753,"minecraft:sleep_in_bed":6,"minecraft:climb_one_cm":3907,"minecraft:time_since_rest":12699,"minecraft:sprint_one_cm":238298,"minecraft:damage_taken":99,"minecraft:walk_one_cm":411242,"minecraft:drop":11,"minecraft:damage_dealt":390,"minecraft:swim_one_cm":18057,"minecraft:talked_to_villager":8,"minecraft:fly_one_cm":484554,"minecraft:open_chest":37,"minecraft:crouch_one_cm":2565,"minecraft:play_time":97753,"minecraft:sneak_time":775,"minecraft:walk_under_water_one_cm":21100,"minecraft:jump":1700,"minecraft:interact_with_blast_furnace":1,"minecraft:walk_on_water_one_cm":204,"minecraft:total_world_time":97753,"minecraft:fall_one_cm":51442,"minecraft:inspect_dispenser":1}},"DataVersion":3955}